{"_id":{"$oid":"5a832df75d26ee30b8e52973"},"screen_name":"bryanferph","emojis":["❤","😚","😬","❤","❤","❤","😬","😬","😬"]}
{"_id":{"$oid":"5a832df75d26ee30b8e52974"},"screen_name":"Nachofacha89","emojis":[]}
{"_id":{"$oid":"5a832df75d26ee30b8e52975"},"screen_name":"sameahrexD","emojis":[]}
{"_id":{"$oid":"5a832df75d26ee30b8e52976"},"screen_name":"MaxiChadarevian","emojis":[]}
{"_id":{"$oid":"5a832df75d26ee30b8e52977"},"screen_name":"hugocabrera9786","emojis":["🐕","💤"]}
{"_id":{"$oid":"5a832df75d26ee30b8e52978"},"screen_name":"seba_bobbio","emojis":["😠","😆"]}
{"_id":{"$oid":"5a832df75d26ee30b8e52979"},"screen_name":"uyrace","emojis":["😁","😬"]}
{"_id":{"$oid":"5a832df75d26ee30b8e5297a"},"screen_name":"AOgreson","emojis":["😎","😎","😎","😀","😎","😀","😎","😎","😂","🎃","🎃","😎","😀","😀","😃","😀","😀","😀","😬","😋","😜","😎","😎","😁","😜","😁","😎","😎","😎","😜","😀","😁","😎","😁","😁","😃"]}
{"_id":{"$oid":"5a832df75d26ee30b8e5297b"},"screen_name":"yaoecabrera","emojis":["😍","😊","😱","😱","♥","🤣","😎","😎","😇","👌","🏾","😊","😎","👑","😏","😎","🍔","👕","📲","🤦","🏽","♂","😐","♥","🤔","🤗","😱","♥","🤷","🏽","♂","😎","😱","😀","😍","🤗","😈","☺","😍","♥","♥","💪","🏾"]}
{"_id":{"$oid":"5a832df75d26ee30b8e5297c"},"screen_name":"bbwolf","emojis":["😬","💔","👏","👏","👏","🤖","🤖","😊","😕"]}
{"_id":{"$oid":"5a832df75d26ee30b8e5297d"},"screen_name":"GonzalezTataOk","emojis":["👇","🤦","🏽","♂","👏","👏","💪","🏽","😛","👇","👏","👏","👏","👏","👏","💪","🏽","💪","🏽","💪","🏽","🔴","⚪","🔵","👇","👇","🏆","💪","🏼","💪","🏼","🏆","💪","🔴","⚪","🔵","❤"]}
{"_id":{"$oid":"5a832df75d26ee30b8e5297e"},"screen_name":"KapoKonK","emojis":["😥","🙍","🙌","😃","😃","🙌","💃","✌","🎉","😒"]}
{"_id":{"$oid":"5a832df75d26ee30b8e5297f"},"screen_name":"RabialesJonatan","emojis":[]}
{"_id":{"$oid":"5a832df75d26ee30b8e52980"},"screen_name":"Lobotho","emojis":[]}
{"_id":{"$oid":"5a832df75d26ee30b8e52981"},"screen_name":"fg_clavijo","emojis":[]}
{"_id":{"$oid":"5a832df75d26ee30b8e52982"},"screen_name":"cb8a92b91d91440","emojis":[]}
{"_id":{"$oid":"5a832df75d26ee30b8e52983"},"screen_name":"Un_Koopita","emojis":[]}
{"_id":{"$oid":"5a832df75d26ee30b8e52984"},"screen_name":"DisiEmilio","emojis":["❤","❤","❤","❤","❤","❤","❤","❤","❤","❤"]}
{"_id":{"$oid":"5a832df75d26ee30b8e52985"},"screen_name":"ElchuecoSuar","emojis":["🙌","🏼"]}
{"_id":{"$oid":"5a832df75d26ee30b8e52986"},"screen_name":"diegogodin","emojis":["💪","👍","👏","🏻","👏","🏻","👏","🏻","👏","🏻","🏃","🏻","♂","💪","👌","💪","🔴","⚪","🔴","⚪","😍","❤","⚽","💪","👇","💪","⚽","👌","⚽","👍","🔜","🔥","🌞","💪","💪","💪","💪","👍","💪","⚽","😂","🏁","🏆","💪","💪","💪","💪","🔴","⚪","🔴","⚪","😂","😂","💪","👇","🐶","🐶","⚪","🔴","😂","😂","😂","💪","⚽","🥅","😂","💪","👏","🎂","💪","💪","💪","👏","😂","😂","🏌","💪","👏","💪","💪","💪","👏","🏻","👏","🏻"]}
{"_id":{"$oid":"5a832df75d26ee30b8e52987"},"screen_name":"javierzanetti","emojis":["🚧","⚽","✅","⚫","🔵","🏆","👏","🏻","👏","🏻","🔵","⚫","🔵","⚫","🤣","🤣","🤣","⚫","🔵","🎂","⚫","🔵","🏆","⚫","🔵","😄","🎂","⚫","🔵","😄","🎂","⚫","🔵","⚫","🔵","😄","⚫","🔵","✌","🏻","😄","😄","👏","🏻","👏","🏼","👏","🏼","👏","🏼","👏","🏼","😜","🎂","😄","⚫","🔵","😄","🔵","⚫","🔵","⚫","😄","🎶","😄","🙏","🏻","⚫","🔵","⚫","🔵","👍","🏻","⚫","🔵","😄","🎂","😄","🎂","😄","⚫","🔵","⚫","🔵","⚫","🔵","⚫","🔵","⚫","🔵","👍","🏻","😄","⚫","🔵"]}
{"_id":{"$oid":"5a832df75d26ee30b8e52988"},"screen_name":"DDelgrossi","emojis":["🤓","👍","🏻","🤓","👍","🏻","👏","🏻","👏","🏻","👏","🏻","🤓","👍","🏻","👏","🏻","👏","🏻","👏","🏻","😂","😂","😂","🤔","🤓","👍","🏻","🤓","👍","🏻","❤","😂","😂","😂","😉","👍","🏻","🤓","👍","🏻","🥊","😜","😜","😜","😀","👍","🏻","😂","😂","😂","👍","🏻","🤓","👍","🏻","😉","👍","🏻","👏","🏻","👏","🏻","👏","🏻","😂","😂","😂","😫","😀","👍","🏻","😉","👍","🏻","🤓","🤓","👍","🏻","😂","😂","😂","🙏","🏻","🙏","🏻","🙏","🏻","👏","🏻","👏","🏻","👏","🏻","🤓","👍","🏻","🤓","👍","🏻","😉","👍","🏻","😂","😂","😂","👏","🏻","👏","🏻","👏","🏻","😜","👍","🏻","🤓","👍","🏻","🕵","🏻","🕵","🏻","♀","😉"]}
{"_id":{"$oid":"5a832df75d26ee30b8e52989"},"screen_name":"elpolacoOficial","emojis":["🙋","♂","🙋","♂","🙋","♂","🙋","♂","🙋","♂","👏","👏","👏","👏","👏","👏","👏","👏","😁","👌","👌","👌","👏","👏","👏","👏","😊","💪","💪","💪","🎉","😄","😉","😉","🎊","🎉","🎊","😄","🎉","😂","🎊","🎉","💪","😄","👊","💪","💪","💪","😉","🍾","😜","😜","😜","😜","👏","👏","👏","👏","😍","👏","🙌","🎉","🙇","👉","😉","👏","💪","👍","🏼","😉","😜","😜","👉","🙇","😉"]}
{"_id":{"$oid":"5a832df75d26ee30b8e5298a"},"screen_name":"JoseMaGimenez13","emojis":["💪","⚽","💪","💪","💪","⚽","💪","👌","🏻","💪","🔴","⚪","😍","⚽","💪","💪","⚽","💪","💪","⚽","💪","🔴","⚪","💪","⚽","💪","❤","⚪","⚽","💪","💪","💪","⚽","😔","💪","⚽","😍","⚽","💪","💪","⚽","💪","⚽","❤","⚽","💪","🏻","🤜","🤛","⚽","❤","🙏","🏻","⚽","👌","🏻","😀","💪","🏻","🔴","⚪","✈","⚽","❤","❤","😎","😂","😂","😁","💪","⚽","❤","💪","💪","🏻","💪","💪","💪","💪","🙌","🏻","🙌","🏻","👏","🏻","👏","🏻","💪","🏻","💪","🏻","🔴","⚪","🙌","🏻","🔴","⚪","💪","🔴","⚪","💪","🏻","🔴","⚪","😀","🔴","⚪","💪","🏻","😍","❤","😀","💪","🏻","🔴","⚪","⚽","💪","👌","🤙","❤","⚽","💪","🏻","🎭","😂","💪","🏻","🔴","⚪","☺","💪","🏻","💪","🔴","⚪","😀","💪","🏻","🔴","⚪","👊","🏻","☺","👏","🏻","👏","🏻","👏","🏻","👏","🏻","💪","🏻","❤","🔴","⚪","💪","🏻","🔴","⚪","💪","🏻","🔴","⚪","💪","🏻","🔴","⚪","💪","🏻","🔴","⚪","💪","🏻","💪","🏻","🔴","⚪","👌","🏻","😀","❄","🔴","⚪","💪","🏻","💪","🏻","🔴","⚪","💪","🏻","🔴","⚪","👌","🏻","👌","🏻","👌","🏿","‼","😳","☺","✈","🛫","🛬","💪","🏻","👌","🏻","😂","💪","🏻","❤","⚪","😔","💪","🏻","🔴","⚪"]}
{"_id":{"$oid":"5a832df75d26ee30b8e5298b"},"screen_name":"Dmartinez_uy","emojis":["😂","💪","🏼","😂","👍","🏼","💪","🏼","😂","👍","🏼","💪","🏼","👍","🏼","👍","🏼","👍","🏼"]}
{"_id":{"$oid":"5a832df75d26ee30b8e5298c"},"screen_name":"DarvenWolf","emojis":[]}
{"_id":{"$oid":"5a832df75d26ee30b8e5298d"},"screen_name":"parzival_uy","emojis":[]}
{"_id":{"$oid":"5a832df75d26ee30b8e5298e"},"screen_name":"Silveirasw","emojis":[]}
{"_id":{"$oid":"5a832df75d26ee30b8e5298f"},"screen_name":"fabiofogna","emojis":["💥","✌","☝","💪","🏻","💪","🏻","💪","🏻","☠","☃","❄","⛄","🐾","💥","🔥","🎉","👍","🏻","🔥","💦","💪","💪","🏻","😗","🔥","☀","💪","🏻","💪","🏻","💪","🏻","💪","🏻","💪","🏻","👋","💥","🔜","❤","❤","🥊","🥊","🥊","💪","🏻","💪","🏻","💪","🏻","✅","😀","😆","🎉","😱","😘","☀","😀","😛","😘","✅","💪","🏻","💪","🏻","💪","🏻","🛵","🔥","⚡","😍","💋","❤","😆","😛","😊","🎉","💥","🌞","🔜","❤","👊","🏻","💥","😘","👊","🏻","👊","🏻","💪","🏻","💪","🏻","😛","😁","👍","🏻","💪","🏻","😁","😘","🎉","💥","❤","😙","😁","😛","💪","🏻","💪","🏻","💪","🏻","💪","🏻","💪","🏻","💪","🏻","😜","☺","👍","🏻","💪","🏻","🎾","💪","🏻","💪","🏻","💪","🏻","💥","☀","✔","😁","😊","😘"]}
{"_id":{"$oid":"5a832df75d26ee30b8e52990"},"screen_name":"Fercaveoficial","emojis":["🐔","❤","⚽","📢","🔥","☀","👉","👉","☀","👉","😀","👉","😀","😎","👉","👏","👏","👏","👏","⚽","👉","😎","👉","🎒","😎","👉","⌚","⌚","⤵","😎","👉","👏","👏","👏","👏","⚽","❤","❤","⚽","👏","👏","👏","👏","⚽","👏","👏","👏","👏","👏","😀","😀","😀","🎾","🌴","🌴","➡","👉","😀","😀","😀","🌟","👉","⚽","😀","❤","➡","💻","🙌","👉","❤","😎","👉","👍","👏","👏","👏","👏","👏","👏","👏","👏","😎","😎","😎","👉","🏋","♂","🏊","♂","⛱","➡","⌚","⌚","⤵","⚽","♥","🙌","👉","😀","❤","👉","👏","👏","👏","👏","👏","😍","👉","☀","🙌","👉","🌴","☀","😃","➡","👏","👏","👏","👏","⚽","⚽","😍","💻","🙂","➡","📢","🔥","👉","😃","💻","👉","💪","💪","💪","🐔","🎒","❤","➡","👏","👏","👏","😎","🙌","👉","🔥","😀","➡","🙌","➡","🙂","😎","🙌","➡","🙈","🎒","😃","➡","😭","😭","😭","😀","🏆","⚽","⚽","⚽","🙌","😀","👉","🎉","❤","😎","➡","⚽","❤","👉","😍","➡","📢","😁","👉","😀","🏆","😀","➡"]}
{"_id":{"$oid":"5a832df75d26ee30b8e52991"},"screen_name":"jonatecnook","emojis":["🏎","😎"]}
{"_id":{"$oid":"5a832df75d26ee30b8e52992"},"screen_name":"M_A_Moya","emojis":["🙌","🏧","😃","😃","🏧","📸","🏧","🙌","🔴","⚪","💪","🏼","💪","🏼","🔴","⚪","👏","🙌","🔝","🔴","⚪","🔴","⚪","👊","🏼","👊","🔴","⚪","🔴","⚪","🏧","🔛","🔛","🏆","🙌","👏","💪","🔴","⚪","🥈","🙌","👊","🏆","😜","👀","⚽","🏆","👊","🏼","🏆","🔴","⚪","😉","🎂","👏","🔴","⚪","🎂","😉","😉","👑","💪","💪","💪","👊","💪","🏆","🏆","✈","⭕","🔞","🔴","⚪","⚽","💥","🔴","⚪","🎄","🎅","❄","🔴","⚪","😂","👏","🏼","👌","🏼","✅","👀","👀","🔴","⚪","🏧","💪","🏼","🔝","✅","👊","🏼","🏧","🔴","⚪","👊","🏼","💪","🏼","💪","🏼","👊","🏼"]}
{"_id":{"$oid":"5a832df75d26ee30b8e52993"},"screen_name":"yFervazquez","emojis":["🙏","🏼","❤","🏼","⚡","🤗","😂","🙏","🏼","😘","🤗","😂","😬","😬","😬","😬","😬","😬","😬","🤤","🍉","💪","🏼","😘","😋","😘","❤","❤","😜","🌿","☘","💐","🌵","🙏","🏼","💪","🏼","👏","🏽","🤜","🏼","❤","🙏","🏼","❤","💪","🏼","😜","🏼","🔥","🕺","🏼","🕺","🏼","🔥","🏼","⚡","❤","🙏","🏼","🕺","🏼","💥","🤔","😘","🤜","🏼","⚡","🕸","🕷","🙋","🏽","♀","🙋","🏼","♂","🙋","🏻","♀","🙋","🏿","♂","😑","🔥","🔥","👇","🏽","🔥","🔥","🔥","🔥","🤔","🙅","🏼","♀","😂","🔥","🏖","😂","🙃","🤜","🏼","⚡","😏","🔥","😑","💋","💋","💋","🥂","❤","🥂","❤","🤗","😬","🔥","🔥","🔥","😍","🤤","🙏","🏼","🐷","❤","🎄","❤","🙏","🏼","🙏","🏼","🔥","✨","✨","🙏","🏽","🎤","🔥","🙏","🏽","❤","❤","✨","🙌","🏼","💥","⚡","😢","🙄","🙏","🏽","❤","🙏","🏽","❤","💣","💥","⚡","🏁","🏁","🏁","❤","🙏","🏽","🙏","🏽","⚡"]}
{"_id":{"$oid":"5a832df75d26ee30b8e52994"},"screen_name":"luciano_eltirri","emojis":["🙏","❤","☀","☀","☀","☀","😂","❤","❤","😂","😂","🎧","🎤","🎸","🚀","🎸","🐓","😂","😂","😂","😩","😩","😩","😩","🙏","🚀","❤","👋","👋"]}
{"_id":{"$oid":"5a832df75d26ee30b8e52995"},"screen_name":"AguCasanova_","emojis":["❤","👋","🏻","🐼","🤖","😞","😞","😞","😏","📖","🐎","❤","❤","😁","😂","🤜","🏼","🌝","🌞","🌜","🤔","🏻","♂","👨","🏻","🍳","😋","♂","🐕","😼","🍧","👀","🤔","💪","🏻","❤","😄","🙄","😅","🤠","❤","❤","❤","❤","❤","❤","❤","❤","😏","😂","😂","❤","❤","😄","😄","😄","😄","📍","❤","😅","🥑","😂"]}
{"_id":{"$oid":"5a832df75d26ee30b8e52996"},"screen_name":"cuervotinelli","emojis":["❤","💙","🏀","👏","👏","👏","👏","👏","👏","👏","👏","👏","❤","💙","🏀","🏆","👏","👏","👏","👏","❤","💙","🏀","❤","💙","🏀","❤","📺","❤","💙","🏀","🏐","❤","💪","💪","❤","💪","❤","❤","❤","❤","💙","💙","💙","💙","🏀","👏","👏","👏","👏","👏","💪","❤","🏐"]}
{"_id":{"$oid":"5a832df75d26ee30b8e52997"},"screen_name":"profepineyrua","emojis":[]}
{"_id":{"$oid":"5a832df75d26ee30b8e52998"},"screen_name":"santicordero15","emojis":["💪","🏻","💪","🏻","👊","🏻","👊","🏻","🙉","🙈","🙉","🙈","💪"]}
{"_id":{"$oid":"5a832df75d26ee30b8e52999"},"screen_name":"GerChiaraviglio","emojis":["👏","👏","👏","👏","👏","👏","👏","👏","🎂","🎂","🎂","👏","👏","👏"]}
{"_id":{"$oid":"5a832df75d26ee30b8e5299a"},"screen_name":"lucasvelascook","emojis":["🙌","🙌","⚽","🎶","🙏","🙌","🙏","😒","🙌","😒","⭐","🤔","🤔","🎶","🙌","❤","😁","🙌","♀","❤","❤","❤","❤","❤","❤","❤","🙏","🖕","❤","📷","📸","🎸"]}
{"_id":{"$oid":"5a832df75d26ee30b8e5299b"},"screen_name":"Pontifex_es","emojis":[]}
{"_id":{"$oid":"5a832df75d26ee30b8e5299c"},"screen_name":"SebaMateo","emojis":["👏","👏","👏","👏","👏","☘","☘","🙏","🌴","🏆","🏆","🏆","☘","🏆","🏆","🏆","🏆","🏆","🏆","🏆","🏆","🏆","🏆","🏆","🏆","🏆","🏆","🏆","🏆","🏆","🎷","❌"]}
{"_id":{"$oid":"5a832df75d26ee30b8e5299d"},"screen_name":"fantinofantino","emojis":["👏","👏","👏","👏","👏","🚗"]}
{"_id":{"$oid":"5a832df75d26ee30b8e5299e"},"screen_name":"kike_uy","emojis":[]}
{"_id":{"$oid":"5a832df75d26ee30b8e5299f"},"screen_name":"ASilvaOfficial","emojis":["🙌","🏻","🏃","🏾","♂","💪","🏽","🏃","🏾","♂","💪","🏽","🙌","🏻","💪","🏽","😉","🙃","🙌","🏻","😂","💪","🏽","😂","😂","😆","🤔","◽","◼","◽","◼","◽","◼","🎂","➡","💪","🏽"]}
{"_id":{"$oid":"5a832df75d26ee30b8e529a0"},"screen_name":"sebaesoin","emojis":[]}
{"_id":{"$oid":"5a832df75d26ee30b8e529a1"},"screen_name":"NicolasPilo","emojis":[]}
{"_id":{"$oid":"5a832df75d26ee30b8e529a2"},"screen_name":"saulniguez","emojis":["💪","🏼","⚽","👏","🏻","👏","🏻","🔴","⚪","🔱","👍","🏼","🛩","🤙","🏼","⛄","🎵","🎵","🔱","🔴","⚪","🔱","🐾","🐶","🐶","🐶","❤","🐶","⭐","🔱","🔱","🔱","🏆","👑","🏊","🏻","♂","⛄","😆","🚀","🤙","🏼","🔱","🏆","✌","🏻","💚","👑","👑","👑","🔱","🔱","🍾","🥂","🛫","🎄","🏋","🏼","♂","⚽","👏","🏻","👟","⚽","🎄","😍","😍","🎅","🏽","🎄","🎄","🤶","🏽","🎄","✌","🏻","😁","🎄","🕺","🏻","💪","🏼","👏","🏻","😁","💙","💙","👟","💥","⚽","🔱","🔱","😜","💪","🏼","😆","🔱","🌴","👟","⚽","⚽","👌","🏼","🌴","🌴","💪","🏼","🔱","💪","🏼","👏","🏻","👌","🏼","👏","🏻","👏","🏻","🔱","👏","🏻","😆","😘","😘","🔱","🔱","⚽","💪","🏼","🍾","🏍","🌛","⚽","👏","🏻","🛫","📍","💪","🏼","⚽","😂","😂","😂","😂","🔱","👏","🏻","💪","🏼","💪","🏼","⚽","⚽","😳","🌴","🌴","🌴","🌴","👏","🏻","💪","🏼","💪","🏼","⚽","💪","🏼","👟","💥","⚽","💪","🏼","🔱","💪","🏼","🔴","⚪","💪","🏼","😆","⚽","👏","🏻","👏","🏻","🏡","🛫","😃","🌴","🌴","🌴"]}
{"_id":{"$oid":"5a832df75d26ee30b8e529a3"},"screen_name":"Rubiu5","emojis":["😙","🗿","🤔","🌝","🗿","🗿","😭","🌝"]}
{"_id":{"$oid":"5a832df75d26ee30b8e529a4"},"screen_name":"Torres","emojis":["🖌","💥","🥊","💪","⚽","🔴","⚪","👍","➡","👏","🏻","🔴","⚪","🎥","📱","📖","🔴","⚪","🏆","😀","😔","🔴","⚪","👉","➡","⌛","👍","➡","➡","👍","🙂","👍","👏","🏻","👏","🏻","👏","🏻","🔴","⚪","📻","➡","✈","⚽","💪","👍","⌛","🔴","⚪","🔴","🔴","⚪","🔱","👉","👉","👉","📖","👉","👉","📖"]}
{"_id":{"$oid":"5a832df75d26ee30b8e529a5"},"screen_name":"nachobadiola","emojis":["👏","🏽","👏","🏽","👏","🏽"]}
{"_id":{"$oid":"5a832df75d26ee30b8e529a6"},"screen_name":"roncadera","emojis":[]}
{"_id":{"$oid":"5a832df75d26ee30b8e529a7"},"screen_name":"PochoLavezzi","emojis":["❤","💚","❤","🙏","🏻","🌎","❤","❤","⚽","🙌","🏻","🎂","⚽","❄","🏆","❤","👊","🏻","🌎","🙏"]}
{"_id":{"$oid":"5a832df75d26ee30b8e529a8"},"screen_name":"drexlerjorge","emojis":[]}
{"_id":{"$oid":"5a832df75d26ee30b8e529a9"},"screen_name":"DavidLuiz_4","emojis":["⚽","⚽","⚽","⚽","⚽","🖤","🏆","👈","💙","☹","🙏","🏽","🚲","😔","👊","👊","🙌","😞","🤙","🏼","☄","🏆","💙","🙏","🏻","👊","🔵","🔵","🔵","🔵","🔵","🔵","🔵","🔷","🔷","🔷","🔷","🔵","🔵","🔵","🔵","⚽","🤙","🏻","🙏","⚽","🔵","😃","😃","😃","😃","😃","😃","😃","👊","🏻","🔵","🙌","🏾","⚽","🎉","🎊","💙","❣","❣","🔵","☝","🏻","💙","😂","🔵","🔵","⚽","⚽","🔥","👊","🏻","👊","🏻","⚪","🔵","⚽","💪","🏻","⚽","🔵","⚪","🔵","⚪","⚽","👊","🏻","🏋","🏻"]}
{"_id":{"$oid":"5a832df75d26ee30b8e529aa"},"screen_name":"farroandres","emojis":["😀"]}
{"_id":{"$oid":"5a832df75d26ee30b8e529ab"},"screen_name":"hoppefede","emojis":["❤","🍷","❤"]}
{"_id":{"$oid":"5a832df75d26ee30b8e529ac"},"screen_name":"diego_mazzone","emojis":["🤷","🏻","♂","🚀","👏","🏻","😌","🤔","🙌","🏻","😃","🙌","🏻","👏","🏻","😱","👏","🏻","👏","🏻","🍺","🤔","😶","💡","😃","🤚","😃","☀","🙌","🏼","😌","🙌","🏻","🤦","🏻","♂","👏","🏻","🤔","😆","🙌","🏼","🥂","😀","😀","🙌","🏻","😊","😔","😔","😃","🙌","🏼","😱","🤑","☕","🙌","🏻","😠","😨","😱","💻","🍺","☕","🙌","🏻","🙌","🏻","🙌","🏼","😔","😔","🙌","🏼","😀","☕","💻","🙌","🏼","😌","😃","🙌","🏻","😆","👌","🏻","🙌","🏻","😃","🙌","🏻","😂","😎","😆","😱","🙌","🏻","😃","😃","💪","🏻","👏","🏻","😊","😀"]}
{"_id":{"$oid":"5a832df75d26ee30b8e529ad"},"screen_name":"diegodelacurva","emojis":["🎉","🎊","🎁","😎","😎","😎","😎","🔝","🔝","😱","😱","😱","😱","😱","😱","😱","😱","😱","😱","💪","😱","🔝","😎","💪","🔝","💪","🔝"]}
{"_id":{"$oid":"5a832df75d26ee30b8e529ae"},"screen_name":"ErikLamela","emojis":["❤","⚽","💪","❤","⚽","🔥","💪","👊","🏼","⚽","😡","😡","😤","😤","💪","🏼","💪","🏼","😳","🐟","😂","👊","🏼","💪","💪","💪","🎂","🎉","👏","🏼","🎂","🎉","🤙","🏼","🙌","🏼","💪","🏼","⚽","⚽","💪","👏","💪","🎄","🙌","🏼","🏟","✅","😁","💪","⚽","❤","⚽","❤","🙌","🏟","🎉","⚪","🔴","⚪","⚽","⚽","⚽","☝","☝","⚽","🤙","⚽","🚴","👊","♥","♥","♥","🏋","🏻","👌","🏽","🏋","🏻","♀","👌","🏽","🤔","⚽","⚽","⚽","😁","👍","🏼","👍","🏼","😉","👌","🏽","👍","🏼","👍","🏼","😘","😘","💪","🏼","👍","🏼","👍","🏼","😉","😉","💪","🏼","👊","🏼","👊","🏻","👍","🏼","👍","🏼","💪","🏼","🙏","🏻","😝","⚽","⚽","⚽","⚽","⚽","😢","😢","🙏","🏽","🙏","🙏","💪","🏼","💪","💪","💪","👏","👏","👏","👏","👊","👊","💪","💪","👊","👊","💪","💪","⚽","❤","😍","❤","👊","🏼","🦁","👊","🏼","⏰","👍","🏻","👍","🏻","💪","💪","💪","🏻","💪","🏻","⚽","⚽","🎮","😉","👌","🏽","😝","👌","🏽","😝","👊","🏼","👊","🏼","💪","🏼","💪","🏼","🎉","🎂","💪","💪","❤","🎮","⚽","⚽","⚽"]}
{"_id":{"$oid":"5a832df75d26ee30b8e529af"},"screen_name":"rafacotelo","emojis":["👇","👇","👇","👇","👇","👇"]}
{"_id":{"$oid":"5a832df75d26ee30b8e529b0"},"screen_name":"diegohb84","emojis":["🎵","🎶","🎵","🎶"]}
{"_id":{"$oid":"5a832df75d26ee30b8e529b1"},"screen_name":"Mascherano","emojis":["💪","👏","👏","👏","👏","👏","👏","😉","👍","🔵","🔴","🔵","🔴","⚽","❤","👍","⚽","💪","⚽","🙏","👏","👏","👏","😂","😂","😂","😂","😂","👍","👍","⚽","🖐","🎂","🙏","❤","👇","⚽","😋","💪","🏼","⚽","😀","😀","👍","🏼","👍","🏼","👍","🏼","😎","😎","✔"]}
{"_id":{"$oid":"5a832df75d26ee30b8e529b2"},"screen_name":"ECavaniOfficial","emojis":["😄","⚽","☃","😄","⚽","☃","😄","⚽","☃","⚽","🔴","🔵","💪","🔴","🔵","💪","🔴","🔵","💪","🔴","🔵","👍","💪","👍","💪","💪","💪","💪","💪","⚽","🏃","🏻","⚽","🏃","🏻","⚽","🏃","🏻","💪","🏃","🏻","⚽","💪","🏃","🏻","⚽","💪","💪","⚽","🐎","⚽","🏃","🏻","💪","⚽","🏃","🏻","💪","⚽","🏃","🏻","💪","💪","😜","💪","🔴","🔵","😜","💪","🔴","🔵","🔴","🔵","💪","❤","😉","🎄","🎄","🎄","🔴","🔵","🔴","🔵","🔵","🔴","💪","🔵","🔴","💪","💪","💪","💪","💪","❄","❄","❄","☃","💪","🔴","🔵","🔵","🔴","🔵","🔴","🔥","⚽","💪","🔴","🔵","🔥","⚽","💪","🔴","🔵","🏋","🏻","💪","💪","👏","👏","👏","👏","👏","👏","💪","💪","🔵","🔴","💪","💪","🔵","🔴","💪","🏼","⚽","🔴","🔵","🔥","🔥","🔥","💪","🔴","🔵","🔥","🔥","🔥","💪","🔴","🔵","🏃","🏻","🏃","🏻","⚽","🔴","🔵","👍","💪","⛄","⚽","🥅","💪","⚽","💪","⚽","💪","⚽","⚽","⚽","💪","🔴","🔵","⚽","⚽","💪","🔴","🔵","⚽","⚽","💪","🔴","🔵","⚽","👏","👏","👏","⚽","👏","👏","👏","🔥","🔥","🔥","💪","💪","💪","🔥","🔥","🔥","💪","💪","💪","🔥","🔥","🔥","💪","💪","⚽","🔴","🔵"]}
{"_id":{"$oid":"5a832df75d26ee30b8e529b3"},"screen_name":"olitorres10","emojis":["🔵","⚪","🤞","🎭","🎭","🔵","⚪","🤞","⚽","🤞","🏼","🔵","⚪","💙","🤞","⚽","🐉","🏆","😀","🔵","⚪","🤞","😄","⚽","😉","😬","⚽","🤔","🔵","⚪","🐉","🔵","⚪","🔵","⚪","🔵","⚪","😀","🤞","🔵","⚪","😉","🤴","🏽","🐫","🎁","⚽","💥","🔵","⚪","👏","🔵","⚪","🤔","🤞","🏼","😉","🆚","⏰","🏟","🙊","🔵","⚪","🔵","⚪","⚽","🔵","⚪","💙","🔵","⚪","🐉","⚽","💥","🔵","⚪","🔵","⚪","🤞","🔵","⚪","💙","🔵","⚪","🤞","🏼","🤜","🏻","🤜","🏻","🔵","⚪","🔵","⚪","🤞","⚽","⚪","🔵","⚪","🔵","✈","🔵","⚪","🔵","⚪","🔵","⚪","🤞","🔋","😆","🔵","⚪","💙","🔵","⚪","🔵","⚪","🔝","🔵","⚪","🤞","⭐","🔵","⚪","🔵","⚪","🔵","⚪","💪","⚽","🐉","🔵","⚪","🔵","⚪","🐶","🙋","🏽","♂","🤞","🙋","🏻","♂","🤞","🔵","⚪","🤞","😉","🤔"]}
{"_id":{"$oid":"5a832df75d26ee30b8e529b4"},"screen_name":"mseveso3","emojis":[]}
{"_id":{"$oid":"5a832df75d26ee30b8e529b5"},"screen_name":"jpnietostabile","emojis":[]}
{"_id":{"$oid":"5a832df75d26ee30b8e529b6"},"screen_name":"JuanIChela","emojis":["🔥","☄","💥","🍅","🍅","🎾","😃","🎾","👀","💪","🏼","👌","🏻","🥂","😘","🎾","🎾","🔥","🎾","🔥","🍀","🐶","🚴","♂","🚴","🏽","♂","😳","🎾","🕺","🙋","🏻","♂","🎾","👌","🏻","🎶","🐤","🎶","😶","🐦","☠","😳","😂","🕊","🕊","🕊","🕊","🕊","🕊","🙏","🏽","😃","😭","🏢","🥑","😃","🎤","🤙","🏼","😂","🍌","😂","🎤","😜","👏","🏽","👏","🏽","👏","🏽","👏","🏽","👏","🏽","😂","👌","🏻","🚘","😂","🤦","🏻","♂","😂"]}
{"_id":{"$oid":"5a832df75d26ee30b8e529b7"},"screen_name":"FDMolinari","emojis":["💪","😎","👏","👏","👏","🥇","🌎","💪","👏","👏","👏","👏","👏","👏","🤣","🤣","🤣","😏","🤣","😅","😲","👉","🃏","♣","👊","💥","🌧","😎","😂","😓","🌡","😉","😂","👍","🏻","😉","💪","😘","🔙","😂","😉","💣","💥","❤","👨","👦","😘","😩","☝","🌲","🎅"]}
{"_id":{"$oid":"5a832df75d26ee30b8e529b8"},"screen_name":"Roberto_Moar","emojis":["📻","📲","🅰","🅾","😀","🅿","🅾","🅿","🅰","😊","⚽","⚽","⚽","📻","📲","🌑","🌓","🌒","💪","💪","💪","🌨","⛄","❄","💪","💪","💪","😂","😂","😂","🎙","🌨","⛄","🌨","✈","🌊","⛷","⛩","🕋","🏟","🗿","🗽","🗼","🏰","🏯","🌍","💪","🔟","😀","🎶","🎶","🎈","🔴","🔵","⚪"]}
{"_id":{"$oid":"5a832df75d26ee30b8e529b9"},"screen_name":"DiegoLuganoOk","emojis":["👏","🏻","👏","🏻","👏","🏻","👏","🏻","👏","🏻","🏆","🏆","🏆"]}
{"_id":{"$oid":"5a832df75d26ee30b8e529ba"},"screen_name":"SEgurenOfficial","emojis":[]}
{"_id":{"$oid":"5a832df75d26ee30b8e529bb"},"screen_name":"Marianoberonok","emojis":["😁","🔥","🔥","🎉","🎊","🔥","🔥","🔥","😁","😅","😅","😅","💪","😠","😠","😠","😠","😲","😁","🤦","♂","🐩","🐕","🖤","😁","🎉","🎊","🕺","😁","😉","😅","😅","🤦","♂","🤦","♂","🤦","♂","😔","⛈","🌧","☔","😅","😅","🤤","😂","😂","😂","😁","😉","😁","😘","😅","😅","🔥","🔥","😁","😁","😅","😈","🤸","♀","🎉","🎊","🤘","🤤","☀","😅","😅","😅","😈","😅","😁","🖤","🖤","😅","👑","🔥","🔥","🎉","🎊","🤸","♀","🙈","🙈","🙈","🙈","😁","😉","🖤","🖤","🖤","😅","😅","💪","🙈","😅","😉","😅","😅","💪","😁","😘","😘","😘","😁","😂","😂","😂","😂","👏","👏","🖤","😅","😅","👏","👏","😅","😅","😈","😅","💪","👇","😻","😻","😻","😻","😅","😅","😅","😻","😅","😅","😅","😅","😅","😅","😅","😅","😲","🤤","😁","😅","😅","😁","🎉","🎊","🔥","🔥","🤸","♀","🎉","🎉","😎","😈","😅","😅","🙈","😅","🤦","♂","😅","🎊","🕊","🔥","🔥","🔥","😈","👏","👏","😩","😅","😅","😈","😁","😁","⛅","☀","😈","😈","😍","🤣","🤣","😎","😅","😅","👑","🤤","😁","🛫","🛫","🛫","🛫","🛫","🕊","🐣","🐔","🐓","😔","😁","😁","😅","🖤","😘","😁","😫","😫","😫","🔥","🔥","🔥","🤸","♀","😅","🙈","🤣","🤣","😘","😁","🎉","🤳","😅","😅","😁","💪","😘","👀","😍","😁","🙈","🤘","😅","🔥","🔥","🔥","⚡","🔥","🔥","🤘","🎶","🤣","🤣","⚡","🕺","🔥","🔥","🎶","🤘","😘","😘","😘","😁","🤘","🤘","🎶","😎","🤣","🤣","🎶","😍","😍","💕","💕","💕"]}
{"_id":{"$oid":"5a832df75d26ee30b8e529bc"},"screen_name":"EmiConsecuente","emojis":[]}
{"_id":{"$oid":"5a832df75d26ee30b8e529bd"},"screen_name":"guillepanizza","emojis":["💚","📺","🎥","🤷","💪","💪","🏀","🏀","🏀"]}
{"_id":{"$oid":"5a832df75d26ee30b8e529be"},"screen_name":"David_Busta","emojis":["😢","😘","👍","💙","😘","👍","😍","❤","👌","❤","😘","👌","❤","❤","❤","😘","🤙","🏻","❤","❤","❤","😘","👍","❤","😜","✌","❤","😜","🤘","❤","😘","👍","❤","❤","😘","👍","😘","👍","❤","😱","😱","😱","🙈","😱","😍","❤","❤","❤","😘","👍","❤","😘","👍","❤","😘","😘","😘","💪","😜","😧","😘","😘","😘","😘","👍","😂","😂","😂","👏","👏","👏","😂","😂","😂","😜","✌","😊","✌","😩","🙈","😜","✌","😊","👍","😂","😂","😂","😜","✌","❤","😘","👍","😘","👍","❤","❤","😘","👍","😂","😂","😂","😘","👍","🎄","❤","😂","😂","😂","🙈","😂","😂","😂","😜","👏","🎄","🎁","💪","😜","👍","😘","👍","😘","👍","😂","😂","😂","👏","👏","👏","❤","😘","👍","😂","😂","😂","❤","😘","😘","😘","❤","😘","😘","😘"]}
{"_id":{"$oid":"5a832df75d26ee30b8e529bf"},"screen_name":"oppenheimera","emojis":[]}
{"_id":{"$oid":"5a832df75d26ee30b8e529c0"},"screen_name":"3gerardpique","emojis":["😘","😘","😘","⚽","😍","😍","😍","➡","➡","➡","👉","⚽","🔵","🔴","😍","😍","😍","😍","😍","😍","🎯","⚽","👏","👏","👏","📅","🏃","💨","😍","😍","😍","😘","😘","😘","🎂","🎂","🎂","💪","💪","💪"]}
{"_id":{"$oid":"5a832df75d26ee30b8e529c1"},"screen_name":"Cris__U","emojis":["❤","😢","😢","❤","❤","👏","👏","👏","🤷","♂","😘","😘","😘","😊","😊","😉","👏","👏","👏","👏","👏","👏","👏","🤦","🏻","♂","❤","❤","❤","❤","❤","❤","🤑","🤑","🤑","❤","❤","❤","❤","❤","❤"]}
{"_id":{"$oid":"5a832df75d26ee30b8e529c2"},"screen_name":"EduPereira_24","emojis":["⚜","⚜","⚜","⚜","🙄","👏","👏","👏"]}
{"_id":{"$oid":"5a832df75d26ee30b8e529c3"},"screen_name":"LuisSuarez9","emojis":["👏","👏","😃","😃","👏","👏","😃","😃","⚽","👏","👏","👏","👏","👏","👏","😍","😍","😍","💪","💪","💪","😂","😂","😂","⚽","💪","💪","💪","👏","🏻","👏","🏻","💪","🏻","💪","🏻","🔵","🔴","👏","🏻","👏","🏻","💪","🏻","💪","🏻","🔵","🔴","💪","🏻","💪","🏻","👏","👏","😃","😃","👏","👏","😃","😃","💪","💪","👏","👏","💪","💪","👏","👏","💪","💪","💪","⚽","⚽","⚽","💪","💪","💪","⚽","⚽","⚽","🎉","🎉","😀","😀","🎉","🎉","🎅","🏼","🎅","🏼","🎉","🎉","🎅","🏼","🎅","🏼","⚽","⚽","⚽","⚽","💪","💪","💪","💪","💪","💪","💪","💪","💪","💪","🍄","😂","🍄","😂","💪","👏","🌞","😍","🌞","😍","💪","💪","💪","💪","🏻","⚡","👟","💪","🏻","⚡","👟","💪","💪","💪","💪","👏","👏","👏","👏","💪","⚽","👏","👏","👏","👏","💪","💪","💪","💪","💪","💪","💪","💪","🎉","🎉","🎉","🎉","🎉","😂","😂","😂","😍","😍","💪","🏻","💪","🏻","💪","🏻","💪","🏻","👏","👏","👏","💪","💪","💪","❤","❤","😍","😍","❤","❤","😍","😍","❤","❤","👟","❤","❤","👏","💪","⚽","💪","⚽","😜","😜","💪","💪","💪","💪","💪","💪","💪","💪","👏","👏","👏","👏","👏","👏","👏","👏","👏","👏","👏","👏","👏","👏","👏","👏","👏","👏","👏","👏","⚽","✈","💪","🏻","👏","👏","👏","💪","🏻","🔥","🙏","😭","😘","😘","🙏","😭","😘","😘","🎉","🎉","🎉","👨","🎂","🎂","👏","👏","👏","💪","🏻","⚽","👏","👏","👏","👏","👏","💪","💪","💪","💪","⚽","👍","💪","💪","💪","💪","⚽","👍","💪","💪","💪","⚽","⚽","⚽","💪","💪","💪","⚽","⚽","⚽","😍","😍","😀","😀","⚽","⚽","😍","😍","😀","😀","⚽","⚽","🎤","💪","💪","💪","💪","😳","😳","😳","💪","💪","💪","💪","😳","😳","😳","😍","😍","😍","💪","💪","😍","😍","😍","💪","💪","💪","💪","💪","👏","👏","👏","✈","👟","👏","👏","👏","👏","👏","👏","👏","👏","💪","💪","⚽","⚽","🏆"]}
{"_id":{"$oid":"5a832df75d26ee30b8e529c4"},"screen_name":"p_lanzani","emojis":["👆","💥","💥","💥","💥","💥"]}
{"_id":{"$oid":"5a832df75d26ee30b8e529c5"},"screen_name":"MatiasSchrank","emojis":["🏃","🏃","♂","❤","❤","🎄","🎄","🛶","🤦","🏻","♂","🤘","🏼"]}
{"_id":{"$oid":"5a832df75d26ee30b8e529c6"},"screen_name":"ArevaloRios_5","emojis":["👍","👍","👊","👍","👊","🎂","🎉","🎊","🎁","👍","👍","👊","🐯","👍","👍","👊","👍","👊","💙","💛","👍","👊","👍","⚽","👊","👍","👊","😘","👍","👍","👍","😘","👍","⚽","👍","⛴","⛴","👍","👍","👍","⚽","👍","👍","⚽","👍","👊","🙏","🙏","👍","👍","👊","👍","👍","👍","👍","👍","👍","👊","👍","👍","👍","👍","👍","👍","👊","👍","👊","👍","👍","🛫","🛫","👍","👊","👍","👍","👊","⚽","🦈","🤝","👍","👍","👊","🛫","🛫","👍","👍","👊","👍","👊","👍","👍","👊","🏋","🏾","👍","👊","🏋","🏾","👍","👊","👍","👊","👍","👊","🌊","🌊","☀","👍","😘","🌹","🌹","❤","👍","👍","🎣","🎣","🎣","🐠","🐠","👍","👍","👊"]}
{"_id":{"$oid":"5a832df75d26ee30b8e529c7"},"screen_name":"TotaSantillan","emojis":["😄","♥","♥","♥"]}
{"_id":{"$oid":"5a832df75d26ee30b8e529c8"},"screen_name":"santidp20","emojis":["😕"]}
{"_id":{"$oid":"5a832df75d26ee30b8e529c9"},"screen_name":"MartinPITCNT","emojis":[]}
{"_id":{"$oid":"5a832df75d26ee30b8e529ca"},"screen_name":"dieschwartzman","emojis":["👊","🎾","😎","😒","🙌","🎾","👊","😂","😂","😂","😂","😎","🎾","👀","❤","🎾","👊","❤","🎾","👊","😍","🎾","👊","🏃","♂","😎","👊","🎾","👀","🤔","👊","👀","🎾","😏","🏃","♂","👊","🎾","👀","😏","😅","🏀","🔥","👊","🎾","🏃","♂","😅","👀","😏","😍","👊","👀","🎾","👀","🏃","♂","😏","🎾","👊","👊","🎾","👀","👀","🎾","👊","🔥","🏃","♂","👊","🎾","🔜","🏃","♂","🙌","🎾","✈","😬","😎","🙌","🙌","🙌","🙌","🙌","😬","🕺","🏼","🏃","♂","🦌","🦌","🦌","🎁","🎄","🎄","🙌","😂","😂","😂","😂","👊","🏆","😬","🎾","🎩","😎","🎾","🎩","💔","👀","🎾","👀","🎾","👀","🎾"]}
{"_id":{"$oid":"5a832df75d26ee30b8e529cb"},"screen_name":"guido_pella","emojis":["👏","👏","👏","👻","👻","👻","🍼","🍼","🍼","🍼","👏","👏","👏","🤔","🤔","🤔","🎢","🏰","🤔","🤔","🤔","🏰","🎢","🤔","💪","💪"]}
{"_id":{"$oid":"5a832df75d26ee30b8e529cc"},"screen_name":"FedeRodriguez41","emojis":["😏","😏","🙌","🏾","😐","😐","😐","😒","💀","💀","😒","😒","😂","😂","😂","😂","😂","😂","😂","💀","💀","💀","🙌","🏾","🙌","🏾","😂","😂","😂","😂","😂","😂","🙌","🏾","🙌","🏾","🙌","🏾","😂","😂","😂","🎶","🎶","🎶","🛫","😎","🤷","🏾","♂","🙌","🏾","⚪","⚫"]}
{"_id":{"$oid":"5a832df75d26ee30b8e529cd"},"screen_name":"MauriGarat","emojis":["🎵","🎵","👏","👏","👏"]}
{"_id":{"$oid":"5a832df75d26ee30b8e529ce"},"screen_name":"matydefederico","emojis":["🎼","🎼","✌","✌","😏","😢","👍","😂","😉","😉","👍","👍","😂","😂","😂","✈","🙏","🌞","⚽","💪","😉","😘","😴","🌙","✈","😂","🎄","💥","♥","⚽","🤦","🏻","♂","🏠","👏","👏","👏","👏","⚽","⚽","⚽","⚽","😂","😂","😂","😂","😘","👍","😘","⚽","🤣","🤣","🤣","🤣","🤣","🤣","♥","♥","👏","👏","👏","🎤","🎤","🎤","🔥","🔥","🎤","🎤","🎤","🎤","🎤","🎤","🎤","🎤","🎤","🎤","🎤","🎤","🎤","🎤"]}
{"_id":{"$oid":"5a832df75d26ee30b8e529cf"},"screen_name":"matiascarrica","emojis":["😉","😊","👉","👈","😉","😊","🙄","😪","🤕","😉","😉","💪","🏁","🏆","🙌","😒","👇","💪","💪","😄","🎉","🎁","✋","😢","🎶","👇","👇","👇","💪","💪","😊","🎶","💪","🎙","😑","💪","🏁","🏆","👇","👇","😀","😊","🎶","🎹","🎸","🥁","🎙","🎷","😁","😂","😅","😂","😅","😀","😊","👇","👇","😅","😊","😂","🏁","🏆","😅","😊","😅","😱","😪"]}
{"_id":{"$oid":"5a832df75d26ee30b8e529d0"},"screen_name":"PabloCuevas22","emojis":["👊","👏","🏉","💪","👊","💪","💪","🏠","🎾","👊","💪","✔","👟","👊","👊","🛌","😃","👍","🎾","🐶","☀","💪","👍","👕","🏆","🏠","💪","👊","🍾","🍾","🍾","👎","🚣","♂","🚣","♂","🚣","♂","🏆","💪","💪","🍽","🤙","🎾","😲","🎾","💪","🛫","🤔","💪","🎾","👶","🎂","🎾","👊","🏆","🚂","👊","🎾","👌","🤣","🤣","👅","👊","🎾","🎾","👊","😂","😉","🚍","🚐","👊","😀","💪","😳","🎾","👬","🎾","👬","👊","🚣","🤔","👌","🚣","📦","🎩","💪","🎾","👊","✔","🎾","👊","👌","🎾","✔","👌","🏄","👊","📺","👊","👊"]}
{"_id":{"$oid":"5a832df75d26ee30b8e529d1"},"screen_name":"AdrianSorge","emojis":["🔥","🦊","🙌","🏾","😃","😉","📷"]}
{"_id":{"$oid":"5a832df75d26ee30b8e529d2"},"screen_name":"ALEJANDRO_UY","emojis":[]}
{"_id":{"$oid":"5a832df75d26ee30b8e529d3"},"screen_name":"Facundo_Arana","emojis":["🤙","🏽","🤙","🏽","🤙","🏽","🤙","🏽","🤙","🏽","🤙","🏽","🤙","🏽","🤙","🏽","🤙","🏽","🤙","🏽","🤙","🏽","😳","🤙","🏽","🤙","🏽","🤙","🏽","🤙","🏽","🤙","🏽","🤙","🏽","🤙","🏽","❤","🤙","🏽","🤙","🏽","🤙","🏽","🤙","🏽","🤙","🏽","🤙","🏽","🤙","🏽","🤙","🏽","🤙","🏽","👏","🏽","👏","🏽","👏","🏽","👏","🏽","👏","🏽","👏","🏽","👏","🏽","👏","🏽","👏","🏽","👏","🏽","🤙","🏽","🤙","🏽","🤙","🏽","🤙","🏽","🤙","🏽","🤙","🏽","👏","🏽","👏","🏽","👏","🏽","👏","🏽","❤","❤","❤","🤙","🏽","🤔","🤙","🏽","🤙","🏽","🤙","🏽","😂","👏","🏽","👏","🏽","👏","🏽","👏","🏽","👏","🏽","❤","❤","🤙","🏽","🤙","🏽","🤙","🏽","😁","🤙","🏽","😁","🤙","🏽","🤙","🏽","🤙","🏽","🤙","🏽","🤙","🏽","❤","🤙","🏽","👏","🏽","👏","🏽","👏","🏽","👏","🏽","👏","🏽","👏","🏽","👏","🏽","👏","🏽","👏","🏽","🤙","🏽","🤙","🏽","🤙","🏽","🤙","🏽","👏","🏽","👏","🏽","👏","🏽","👏","🏽","👏","🏽","👏","🏽","👏","🏽","👏","🏽","👏","🏽","👏","🏽","👏","🏽","👏","🏽","👏","🏽","👏","🏽","👏","🏽","👏","🏽","🤙","🏽","🤙","🏽","🤙","🏽","🤙","🏽","🤙","🏽","🤙","🏽","🤙","🏽","🤙","🏽","🤙","🏽","🤙","🏽","🤙","🏽"]}
{"_id":{"$oid":"5a832df75d26ee30b8e529d4"},"screen_name":"luisbremer","emojis":[]}
{"_id":{"$oid":"5a832df75d26ee30b8e529d5"},"screen_name":"willylevy29","emojis":["😜","😜","👍","🏻","👏","👏","😜","🙏","🏻","😉","😯","😡","😂","👍","🏻","😉","👍","🏻","👏","🎉","🎈","😎","😜","😂","😜","😉","👍","🏻","👍","🏻","🌎","😍","😍","🙏","🏻","😜","✈"]}
{"_id":{"$oid":"5a832df75d26ee30b8e529d6"},"screen_name":"NicolasOcchiato","emojis":["🙈","😂","😒","⚡","❤","💣","💪","🏾","😁","❤","🤘","🏾","👅","💪","🏾","💪","🏾","💪","🏾","👉","💪","🏾","🤘","🏾","⚡","💪","🏾","😬","🙌","🏼","😬","🙌","🏼","😬","🙌","🏼","😬","🙌","🏼","😬","🙌","🏼","😬","🙌","🏼","🤷","🏼","♂","🐶","😬","🤘","🏾","👏","👏","😜","💪","🏾","😜","😂","❤","👉","💣","😜","🤷","🏼","♂","🕶","💣","📸","😜","😬","☀","☀","☀","🍩","💣","❤","🏝","👉","💣","👊","🏽","👊","🏽","👊","🏽","💣","📸","💪","🏾","💪","🏾","💪","🏾","🎉","🎉","🎉","🙌","🏼","🎉","🎉","🙌","🏼","👉","👉","👉","👊","🏽","📸","🎉","👉"]}
{"_id":{"$oid":"5a832df75d26ee30b8e529d7"},"screen_name":"adrianpalla","emojis":["😍","😍"]}
{"_id":{"$oid":"5a832df75d26ee30b8e529d8"},"screen_name":"mfelman","emojis":["😀","👨","🏻","💻","🤖","😀","🙌","🌎","🚀","🏆","🏆","‼","🙏","😀","😜","😀","😉","👍","👍","🤦","🏻","♂","😬","😜","😉","😉","💪","🏻","😜","😁","🙌","😎","👏","👏","👩","🏻","💻","😎","😎"]}
{"_id":{"$oid":"5a832df75d26ee30b8e529d9"},"screen_name":"pedroalfonsoo","emojis":["😂","😂","👏","😀","💪","💙","🖤","❤","❤","❤","👆","👏","👏","🥇","👏","👏","👏","👏","👏","👏","😀","❤","❤","❤","❤","❤","❤","👏","💙","🖤","❤","👏","👏","👏","❤","❤","🎉","🎉","👍","👏","👏","👏","👏","👏","❤","😂","👏","👏","😂","👏","👏","👏","😅","👏","👏","😁","🙄","👏","👏","👏","👏","🙂","🙂","❤","❤","😃","😃","👏","👏","🤗","❤","❤","❤","😂","👏","👏","👏","💪","😀","😀","❤","❤","😂"]}
{"_id":{"$oid":"5a832df75d26ee30b8e529da"},"screen_name":"diegoleuco","emojis":[]}
{"_id":{"$oid":"5a832df75d26ee30b8e529db"},"screen_name":"AngeldebritoOk","emojis":["♥","🖤","😜","😈","👀","🤳","🔥","🔥","🔥","🔥","❤","🤙","🤙","😈","😜"]}
{"_id":{"$oid":"5a832df75d26ee30b8e529dc"},"screen_name":"elchatoprada","emojis":["❤","👏","👏","👏","👏","👏","😀","😀","😀","😀","😀","👏","👏","👏","👏","🙏","🏼","❤","❤","❤","❤","❤","❤","❤","❤","❤","❤","❤","❤","💪","❤","❤","❤","❤","❤","❤","❤","❤","❤","❤","❤","❤","❤","❤","💪","❤","❤","❤","❤","❤","❤","❤","❤","💪"]}
{"_id":{"$oid":"5a832df75d26ee30b8e529dd"},"screen_name":"majulluis","emojis":["👏","🎧","🎧"]}
{"_id":{"$oid":"5a832df75d26ee30b8e529de"},"screen_name":"AbelPintos","emojis":["♥","♥","♥","😯","😂","😊","♥","😂","🍎","🤔","🙏","🏼","♥","😊","😂","🙏","🏼","😂","🚌"]}
{"_id":{"$oid":"5a832df75d26ee30b8e529df"},"screen_name":"mcorrea1988","emojis":[]}
{"_id":{"$oid":"5a832df75d26ee30b8e529e0"},"screen_name":"delpotrojuan","emojis":["🏆","🙌","👑","👏","☺","☺","🏀","🙌","⛰","🏃","🏻","♂","💖","🙌","☺","🔜","🎾","🙌","🎾","🎉","🌅","☺","🙌","🎉","🏆","🙌","☺","😃","🏯","🎾","😄","🎥","👏","🙌","☺","☺","🙌","💪","🗽","💪","🎾","🏃","🏻","💪","🌞","🌴","🏃","🏻","🎾","🙌","🚶","🏻","👫","☺","🌱","🙌","😀","🥈","🥉","😀","👏","👏","👏","❤","🙌","🎾","💪","💪","🎾","🕺","😉","👋","👊","🌧","🎾","🐰","🍫","🕺","🎉","😝","🎾","🏃","🏽","🏄","🏽","🎾","☀","🙌","🎉","🎂","🎣","❤","🎾","🙌","🙌","😀","🎾","📷","✈","😴","🛌","🙌","🚶","🏻","😉","☺","🎾","💪","😀","💪","❤","🤘","💪","👏","🙌","🚴","⛰","💪","🌞","🏖","🏃","🏽","🔥","💪","😀","💪","💪","😀","💪","☺","🍾","🎁","🎉","🎅","🌲","🍾","🎁","🎉","🎅","🌲","🎤","🎸","🎾","🏆","🎉","🐶","❤","🏆","🏆","❤","🎉"]}
{"_id":{"$oid":"5a832df75d26ee30b8e529e1"},"screen_name":"FitoPaezMusica","emojis":["👉","🎫","🎫","🎫","▪","👇","👇","👇","👇","👉","🏻","🎫","👇","🏻","👇","🏻","🔊","👉","🏻"]}
{"_id":{"$oid":"5a832df75d26ee30b8e529e2"},"screen_name":"davidzepeda1","emojis":["🔥","🔜","🔥","🔇","🔥","🙏","🎉","🎈","🎈","🎈","🎈","💙","🙏","🤗","🔛","🍾","💙","🎬","😉","🙏","🙏","🙏","🙏","💙","🙏","🔜","🎬","🔜","🎬","📝","🔜","🎬","🔜","🎬","😃","🔜","🎬","⭐","🔜","🎬","🙏","🔜","🎬","🔜","💥","🔜","🎬","🔜","🎬","🔜","🎬","🤗"]}
{"_id":{"$oid":"5a832df75d26ee30b8e529e3"},"screen_name":"sebatorok","emojis":["😎","👍","🔥","🔥","👇"]}
{"_id":{"$oid":"5a832df75d26ee30b8e529e4"},"screen_name":"JonatanViale","emojis":["⏳","⏳","⏳","⏳","📺","📺","📺","👉","📺","📺","📺","📺","📺","📺","📻","📻","📻","🎙","👉","📻","🎙","📻","📻","📻","📻","📻","📻","🎙","📻","📻","📻","📻","📻","📻","📻","📻","📻","📻","🎙","📻","😁","😢","➡","😢"]}
{"_id":{"$oid":"5a832df75d26ee30b8e529e5"},"screen_name":"balfederico","emojis":["👏","🏻","👏","🏻","👏","🏻","♥","♥","♥","😔","♥","😔","👉","🏻","🙏","🏻","♥","⭐"]}
{"_id":{"$oid":"5a832df75d26ee30b8e529e6"},"screen_name":"iudica","emojis":[]}
{"_id":{"$oid":"5a832df75d26ee30b8e529e7"},"screen_name":"VarskySports","emojis":["🔟","⚽"]}
{"_id":{"$oid":"5a832df75d26ee30b8e529e8"},"screen_name":"FernandezCoco","emojis":["💫","❤","❤","❄","❤","❤","🚇","👏","👏","👏","🍾","🥂","❤","❤","❤","🥂","❤","🎼","🎧","❤","❤","❤","❤","🌞","👶","🏻","❤","🙏","🤙","🔥","🔥","❤"]}
{"_id":{"$oid":"5a832df75d26ee30b8e529e9"},"screen_name":"fernandosolanas","emojis":[]}
{"_id":{"$oid":"5a832df75d26ee30b8e529ea"},"screen_name":"DiegoForlan7","emojis":["⚽","⚽","👍","⚽","💫","⚽","⚽","🎾","🎯","🤡","⛷","🎉","🏌","🌊","☀","🎂","🍼"]}
{"_id":{"$oid":"5a832df75d26ee30b8e529eb"},"screen_name":"vazqueznico","emojis":["❤","🤦","🏻","♂","🏃","🏻","♂","💪","🏼","❤","🐻","❤","🙌","🏻","🙏","🏼","☝","🏼","❤","🐻","👇","🏼","🎉","❤","❤","🙌","🏻","❤","🙌","🏻","🙏","🏼","🥊","❤","🙌","🏻","🙏","🏼","👇","🏼"]}
{"_id":{"$oid":"5a832df75d26ee30b8e529ec"},"screen_name":"mariannmartinez","emojis":["🤗","⚡","⚡","✨","😊","⚡","✨","😊","⚡","⚡","⚡","✨","✨","🤙","🏻","😊","⚡","🤙","🏻","🤙","🏻","😊","✨","❤","⚡","✨","🙏","😊","✨","⚡","✨","😊","⚡","💪","🏻","🕺","🏻","😊","✨","⚡","❤","🙏","😊","⚡","✨","⚡","⚡","😀","🤙","😀","🙏","✨","❤","✨","🤙","⚡","⚡","⚡","😊","😊","💥","💥","❤","🙏","❤","😊"]}
{"_id":{"$oid":"5a832df75d26ee30b8e529ed"},"screen_name":"CMonteroOficial","emojis":["🤣","🤣","🤣","🤣","🤣","🤣","😩","⚽","⚽","⚽","😘"]}
{"_id":{"$oid":"5a832df75d26ee30b8e529ee"},"screen_name":"germanpaoloski","emojis":[]}
{"_id":{"$oid":"5a832df75d26ee30b8e529ef"},"screen_name":"fernandeznelson","emojis":["➡","🥃","➡"]}
{"_id":{"$oid":"5a832df75d26ee30b8e529f0"},"screen_name":"JuanLuisGuerra","emojis":["💥","🐜","📷"]}
{"_id":{"$oid":"5a832df75d26ee30b8e529f1"},"screen_name":"ponchohd","emojis":["🌮","😉","🎊","😎","😃","🗓","😱","🤔","👏","🏼","🗓"]}
{"_id":{"$oid":"5a832df85d26ee30b8e529f2"},"screen_name":"TucuLopez","emojis":["❤","🤷","♂","💪","🏾","🤘","🍤","🐶","💗"]}
{"_id":{"$oid":"5a832df85d26ee30b8e529f3"},"screen_name":"nico_riera","emojis":["🌞","🏝","🕺","🎖","🎖","🎖","❕","🔎","🔎","😎","😎","👏","👏","👏","😑","✔","😘","🌊","🌊","🌊","🌊","🌊","🏄","🌴"]}
{"_id":{"$oid":"5a832df85d26ee30b8e529f4"},"screen_name":"nalbandiandavid","emojis":["😂","😂","👍","👍","😍","😍","😂","😂","👏","🏻","👏","🏻","👏","🏻","😂","😂","🏁","📷","🏆","🏆","🏆","🏆","🏆","🏆","🏆","🏆","👏","🏻","👏","🏻","👏","🏻","😂","😂","👍","👍","👊","🏼","👍","🚙","🚘","🏆","🏁","👇","🏁","🎾"]}
{"_id":{"$oid":"5a832df85d26ee30b8e529f5"},"screen_name":"sebastianrulli","emojis":["😬","👌","😉","🙏","❤","🤣","🤣","🤣","🤣","🤣","🤓","🤣","🤣","🤣","🤓","👏","👏","👏","👌","🙏","🙏","🙏","🙏","❤","🙏","🙏","👏","👏","👏","👏","💙","😘","😘","😘","😄","👌","😁","👌","👏","👏","👏","👌","🙏","❤","👀","😉","💋","👏","👏","👏","❤","😱","😱","🤧","😰","🙏","🍀","❤","🙌","🙏","😘","🙏","❤","🙏","🙏","🙏","🙏","🙏"]}
{"_id":{"$oid":"5a832df85d26ee30b8e529f6"},"screen_name":"andresiniesta8","emojis":["💪","💪","💪","🏻","🔵","🔴","💪","🏻","💪","🏻","🔵","🔴","💪","🏻","💪","🏻","💪","🏻","💪","🏻","🤞","🏻","💪","🏻","🔵","🔴","⚽","⚽","💪","🏻","💪","🏻","💪","🏻","⚽","🔵","🔴","💪","❤","❤","❤","☺","☺","☺","☺","💪","💪","🔵","🔴","💪","🏻","💪","🏻","💪","🏻","🔵","🔴","⚽","⚽","⚽","💪","🏻","💪","🏻","💪","🏻","💪","🏻","💪","🏻","🔵","🔴","🔵","🔴","💪","🏻","⚽","💪","🏻","💪","🏻","🔵","🔴","🔝","❤","🤴","🏻","❤","❤","❤","👋","🏻","❤","❤","❤","❤","❤","💪","🏻","💪","🏻","⚽","⚽","👏","🏻","👏","🏻","👏","🏻","👏","🏻","👏","🏻","👉","🏽","👉","🏼","🔝","💪","🏻","⚽","🔵","🔴","❤","💪","🔵","🔴","💪","💪","💪","✌","💪","💪","💪","☺","☺","🤣","🤣","💪","🏻","💪","🏻","💪","🏻","💪","🙌","🏻","🙌","🏻","🙌","🏻","👍","💪","🏻","💪","🏻","💪","🏻","☺","☺","💪","🏻","💪","🏻","👍","💪","💪","💪","🏻","👑","✌","🏻","🔝","👏","👏","👏","💪","🏻","💪","🏻","💪","🏻","💪","🏻","✌","💪","🏻","💪","🏻","⚽","❤","❤","❤","❤","❤","👏","👏","👏"]}
{"_id":{"$oid":"5a832df85d26ee30b8e529f7"},"screen_name":"pzerocool","emojis":[]}
{"_id":{"$oid":"5a832df85d26ee30b8e529f8"},"screen_name":"AIRBAGoficial","emojis":["🙏","🙏","🙏","🤘","🏼","🤘","🏼","🤘","🏼","🤘","🏼","🍻","🍻","🍻","🤘","🏼","🌹","❤","🍷","🍷","🕶","👽","👽","🤘","🏼","🤘","🏼","🤘","🏼","🍻","🤘","🏼","🤘","🏼","🤘","🏼","🤘","🏼","🤘","🏼","🙏","🍷","🍷","🤘","🏼","🥃","🍷","🎉","🤘","🏼","🤘","🏼","🤘","🏼","🤘","🏼","🤘","🏼","🤘","🏼","🙏","🙏","🎉","🎉","🍻","🎉","🤘","🏼","🍷","🍷","🍷","🍷","🤘","🏼","🍷","🤘","🏼","🍻","🤘","🏼","🤘","🏼","🤘","🏼","🥃","🍻","🍻","🌹","🌹","🍻","🎉","🌹","🌹","🍷","🍷","🍷","👽","🍷","🗣","🗣","🙏","🙏","🙏","🙏","🙏","❤","🙏","🤘","🏼","🤘","🏼","🙏","🙏","🌹","🌹","🙏","🙏","🤘","🏼","🤘","🏼","🤘","🏼","🤘","🏼","🤘","🏼","🤘","🏼","🤘","🏼","🤔","🤘","🏼","☕","🙏","🤘","🏼","🍷","🙏"]}
{"_id":{"$oid":"5a832df85d26ee30b8e529f9"},"screen_name":"halconada","emojis":[]}
{"_id":{"$oid":"5a832df85d26ee30b8e529fa"},"screen_name":"alfonsopratgay","emojis":["❤"]}
{"_id":{"$oid":"5a832df85d26ee30b8e529fb"},"screen_name":"JeanC_CFC","emojis":["🤣","❤","😔","🙏","🏼","😍","😔"]}
{"_id":{"$oid":"5a832df85d26ee30b8e529fc"},"screen_name":"nachoviale","emojis":["💪","🏼","💪","🏼"]}
{"_id":{"$oid":"5a832df85d26ee30b8e529fd"},"screen_name":"iambetocuevas","emojis":["👏","👍","®","®","®","®","👉","🙌","👉","🙌","👉","👉","👉","👉","👉","🙌","👉","👉"]}
{"_id":{"$oid":"5a832df85d26ee30b8e529fe"},"screen_name":"brychten","emojis":["😎"]}
{"_id":{"$oid":"5a832df85d26ee30b8e529ff"},"screen_name":"davidbisbal","emojis":["😂","🐎","🎈","🎊","🎁","🎁","🎈","😂","😂","🌞","🎂","🎊","🎉","🎁","🎄","🎄","🎁"]}
{"_id":{"$oid":"5a832df85d26ee30b8e52a00"},"screen_name":"PedroBordaberry","emojis":[]}
{"_id":{"$oid":"5a832df85d26ee30b8e52a01"},"screen_name":"nachocabanas","emojis":[]}
{"_id":{"$oid":"5a832df85d26ee30b8e52a02"},"screen_name":"juanes","emojis":["🎶","🎶","🙏","🏼","🙏","🏼","🙏","👽","📝","🙏","🙏","👽","🙏","💥","💥","💥","🙏","🚀","💥","🏂","🚀"]}
{"_id":{"$oid":"5a832df85d26ee30b8e52a03"},"screen_name":"enriqueiglesias","emojis":["❤","🙏","🏻","🙏","🙏","🏻","🙏","🏻","😂","🙏","🌶","🌶","🌶","🌶","🌶","🌶","🌶","🌶","🌶","🌶","🌶","🌶","🌶","🌶","🌶","😜","🙏","🏻","🎃","🔥","🔥","🔥","🔥","🔥","🔥","🔥","🔥","🔥"]}
{"_id":{"$oid":"5a832df85d26ee30b8e52a04"},"screen_name":"pablomarrero","emojis":["👍","👍","😜","😜","👍","😜","👍"]}
{"_id":{"$oid":"5a832df85d26ee30b8e52a05"},"screen_name":"AlejandroSanz","emojis":["👻","🎭","➡","😁","🎭","➡","🎭","➡","❤","➡","😍","❤","🎭","➡","❤","🎭","➡","🎭","➡","💥","❤","😘","😘","😘","💥","💥","😘","😘","😘","😘","➡","📚","➡","➡","➡","➡","🎭","➡","😂","😂","😘","❤","❤","😡","❤","❤","✌","🏻","❤"]}
{"_id":{"$oid":"5a832df85d26ee30b8e52a06"},"screen_name":"ricky_martin","emojis":["👉","🏼","😜","🙏","🏻","❤","👏","🏼","👏","🏼","👏","🏼","👏","🏼","🎥","🎶","🙌","🏼","👉","🙌","🏼","☀","🙌","🏼","🙋","🏻","♂","🎈","🎁","🎉","🎂","🎊","😂","🏳","🌈","🙋","🏻","♂","🤦","🏻","♂","👉","🏼","👈","🏼","👉","🏼","🎶","🎶","🎶","🎶","☀"]}
{"_id":{"$oid":"5a832df85d26ee30b8e52a07"},"screen_name":"marley_ok","emojis":["💤","💤","💤","💉","💉","💉","👏","👏"]}
{"_id":{"$oid":"5a832df85d26ee30b8e52a08"},"screen_name":"Residente","emojis":["🎤","🔥","🔥","🙌","🍺","🔥","🔥","🙌","🚲","🍺","🍺","🍺","🎤","🔥","🔥","🍺","😉","😉","🍺","🔥","🔥","🍺","🔥","🔥","🍺","🔥","🔥","🚨","🚨","🚨","🚨","👉","🏽","🔥","🔥","🍺","🎟","🔥","🔥","🔥","🔥","🍺","🔥","🔥","🙏","🔥","🔥","🍺","🔥","🔥","🔥","🔥","🔥","👉","🏽","🔥","🔥","🔥","🔥","🔥","🔥","🔥","🔥","🔥","🔥","🙏","🏼","🔥","🔥","🎤","👉","🏽","🔥","🔥","🔥","🔥","🔥","🔥","🙌","🔥","🔥","❤","🍺","🎟","🔥","🔥","🌎","🌍","🌏","🔥","🔥","🔥","🍺","👉","🏽","🔥","🔥","🍺","👉","🏽","🔥","🔥","🍺","👉","🏽","🔥","🔥","🔥","🙌","🙌","🙏","⭐","⭐","⭐","⭐","⭐","💻","🌎","🌍","🌏","🍺","🍺","😉","🍺","🔥","🔥","🔥","👉","🏽","🍺","😉","🎞","😉","🍺","🔥","🔥","🔥","🔥","📰","🍺","🔥","🔥","🔥","🔥","🔥","🔥","🔥","🔥","🍺","👉","🏽","🙏","🏼"]}
{"_id":{"$oid":"5a832df85d26ee30b8e52a09"},"screen_name":"tv_mauricio","emojis":["💡","👍","😅","👇","🎼","👏","👏"]}
{"_id":{"$oid":"5a832df85d26ee30b8e52a0a"},"screen_name":"FerrCarrillo","emojis":["❤","🐶","👑","😮","🐶","🙏","🏼","👉","🏽","💕","❤","🙏","🏼","😢","👑","❤","💕","🌎","🎊","🎂","🎁","🎉","🎈","🐶","🎊","🍾","🎈","🎉","🙏","🏼","🙏","🏼","🎂","👑","🙏","🙏","🎂","🎂","🙏","🙏","🙏","🎂"]}
{"_id":{"$oid":"5a832df85d26ee30b8e52a0b"},"screen_name":"AxelOficial","emojis":["🤣","🔥","🌟","🙏","🏼","❤","🏀","🏀","🏀","🏀","☮","❤","🔥","💃","🏻","🕺","🏻","🙏","🏼","😉","👉","🙏","🏼","❤","🙏","🏼","❤","🙏","🙏","🙏","👏","👏","👏","🙌","🙌","🙌","😳","😳","😳","😳","😳","😳","🤘","🤘","🤘","👏","👏","👏","👏","👏","👏","👏","🌸","🌸","🔥","🔥","🔥","🔥","🔥","🔥","🔥","🔥","🔥","🔥","🙏","🏼","❤","🕺","💃","👉","💃","❤","👉","💃","❤","👉","❤","💃","❤","💃","❤","❤","👉","😜","🙏","🏼","🙌","🙌","🙌","🙌","🙌","🙌","🙌","🙌","🙌","🙌","🙌","⭐","🙏","🔥","❤","👌","❤","☎","😉","😉","😉","😉","😉","☎","😉"]}
{"_id":{"$oid":"5a832df85d26ee30b8e52a0c"},"screen_name":"njodal","emojis":[]}
{"_id":{"$oid":"5a832df85d26ee30b8e52a0d"},"screen_name":"marquitospena","emojis":[]}
{"_id":{"$oid":"5a832df85d26ee30b8e52a0e"},"screen_name":"mauriciomacri","emojis":[]}
{"_id":{"$oid":"5a832df85d26ee30b8e52a0f"},"screen_name":"LuisFonsi","emojis":["🙌","🏽","💃","🌎","🙌","🏽","💃","🏽","🙏","🏽","🙌","🏽","🤷","🏻","♂","🏙","🙏","🏽","💿","💿","🙏","🏽","🙏","🏽","🙏","🏽","🙏","🏽","🙌","🏽","🙏","🏽","🏙","🍎","🙏","🏽","🔟","🙏","🏽","💿","🔥","🙏","🏽","🕺","🏻","🗣","🎤","🌎","🙌","🏽","🌴","🌊","🔅","🙏","🏽","👸","🏻","❤","🚲","🔝","🔆","🙏","🏽","👊","🏽","🚁","🕴","🏻","☕","🤗","📷","✅","💚","🙌","🏽","🙌","🏽","🙌","🏽","🙌","🏽","🤗","🙏","🏽","🙌","🏽","💇","🏻","♂","🌎","🔥","🍑","👋","🏽","❤","❤","🙌","🏽","😜","🙏","🏽","📷","🗣","😃","🎶","🎶"]}
{"_id":{"$oid":"5a832df85d26ee30b8e52a10"},"screen_name":"manuginobili","emojis":["🙌","🙌","🤔","😜","🤞","🤔","🛫","👴","😁","🤔","😁","😲","👏","👏","💕","😉","🤔","😂","😂","🤔","😂","😂","👏","👏","👏","😂","😂","😂","🦅","😂","😂","😂","👏","👏","👏","😁","🙄","💪","😱","😁","👏","👏","😲","😲","🔥","🔥","🔥","👏","👏","👏","😲","✈","✈","✈","✈","🤙","👏","👏","👏","👌","😕","😮","😢","😁","😁","😁","🔥","🔥","👍","😂","😂","😂","😂","😂","😂","😂","😂","😂"]}
{"_id":{"$oid":"5a832df85d26ee30b8e52a11"},"screen_name":"obricio7","emojis":["👏","🏻","👏","🏻","👏","🏻","👏","🏻","😉","🎁","🖖","🏻","🙏","🏻","👌","🏻","💪","🏻","⛹","🏽","♂","🏀","🎸","🎼","🥁","🎹","🎤","🎧","👏","🏻","👏","🏻","👏","🏻","👏","🏻","🎧","🤹","🏼","♂","👏","🏻","👏","🏻","👏","🏻","🎃","🎈","♀","👍","🏻","🕤","🏀","🏀","🎵","👌","🏻","⛹","🏼","🏀","👏","🏻","😉","➡"]}
{"_id":{"$oid":"5a832df85d26ee30b8e52a12"},"screen_name":"jorgewlarranaga","emojis":[]}
{"_id":{"$oid":"5a832df85d26ee30b8e52a13"},"screen_name":"SebasTempone","emojis":["❤","🎈","👏","👏","👏","👏","👏","👏","👏","👏","👏","👏","👏","👏","👏","👏","👏","💪","🏻","😜","🤔","🎉","👊","💪","🏻"]}
