{"_id":{"$oid":"5a83308a5d26ee30b8e52a16"},"screen_name":"CamilaPeraltaIg","emojis":["❤","❤","❤","😥","☺","☺","☺","☺","☺","☺","☺","☺","☺","☺","☺","❤","🤔","☹","❤","😥","☺","😣","😣","😥","😍"]}
{"_id":{"$oid":"5a83308a5d26ee30b8e52a17"},"screen_name":"margarivera13","emojis":[]}
{"_id":{"$oid":"5a83308a5d26ee30b8e52a18"},"screen_name":"jimenarodp","emojis":["😝"]}
{"_id":{"$oid":"5a83308a5d26ee30b8e52a19"},"screen_name":"jimediaz88","emojis":["🐶","❤","😍","😍","❄","❄","❤","🐶","😍","❤","❤","❤","❤","❤","❤","😊","🍻","😘","❤","😊","😊","❤","❤","🐕","🍖","❤","🐕","😍","❤","😂","😂","🍻","🍻","❤","❤","🍻","🍻","🐳","🐟","🐠","🐙","🐡","😉","🐶","❤","💙","💚","💛","💜","❤","🐶","❤","❤","❤","😍","🎭","😍","💪","💕","❤","😍","❤","😍","❤","❤","💓","💓","💓","☔","💧","☔","🍋","🍯","☕","💓","💓","💓","💓","😍","💓","😍","☺","☺","😊","😊","😛","😜","😊","😊","😊","😊","😊","😊","😛","😛","😜","😜","😊","😊","☺","☺","🍀","🍻","🍀","💪","💃","💪","🍻","🍻","💪","💪","🎭","🎭","🎭","🎭","👇","👇","👇","👇","🎭","🎭","🌞","🌞","🌞","❄","⛄","❄","🙈","🙈","🙈","😊","😊","😘","😕"]}
{"_id":{"$oid":"5a83308a5d26ee30b8e52a1a"},"screen_name":"SusanaGimenez","emojis":["⭐","⭐","🎙","⭐","✨","❣","⭐","💗","⭐","🎵","🤣","❤","🍼","👶","✨","🎹","🎵","💫","🎵","⭐","⭐","🎉","🍿","🎞","😄","➡","🎤","🔝","⭐","💫","👉","😂","😂","🍿","🎞","💫","🙌","😂","🤣","⚡","🎵","🎵","⭐","💥","😜","💫","💫","💫","👏","🥁","⭐","💫","😂","🙈","🔝","🎶","🍿","🎞","💞","👏","💎","🥁","🌟","💫","😂","🤣","🎶","⭐","👉","⭐","💫","😁","👉","💫","💫","⚡","💫","💫","💫","💫","💫","💫","👏","👉","⭐","👉","🎶","🔝","👏","🌟","🥂","🤳","💫","👇","💕","😂","🤣","😂","💫","👏","🙌","🙌","💣","💣","⭐","🎶","🔝","😭","👏","🎶","⭐","💫","🤔","😱","💫","🍿","🎞","👏","💫","🤔","😂","✨","📣","💫","💫","⭐","🥁","🎶","🔝","🎞","⭐","⚡","⭐","💫","🌟","💫","🍿","🎞","💫"]}
{"_id":{"$oid":"5a83308a5d26ee30b8e52a1b"},"screen_name":"sabatinigabyok","emojis":["👏","👍","💪","⛄","❄","🙏","😢","🏑","👏","👏","👏","👏","😘","🎈","💖","😘","🥂","🎂","😘","😘","🥂","😘","❤","🎉","🎊","👏","🎄","😘","😂","😂","🎅","🏻","🤶","🎄","❤","👏","👏","👏","👏","👏","👏","❤","👏","👏","👏","👏","👏","🏆","👏","👏","👏","👏","💪","❤","❤","❤","❤","❤","🙏","🎅","🤶","🎄","🎄","❤","🎾","❤","🎾","🙏","🏽","🏆","🎾","👏","👏","👏","👏","👏","👏","💪","❤","👏","👏","👏","❤","❤","❤","❤","❤","❤","🙏","💪","👊","🙌","👍","❤","😘","😘","♥","❤","❤","❤","🐶","😇","❤","❤","❤","⚪","❤","⚪","❤","⚪","💪","🏼","👏","🏼","👏","🏼","👏","🏼","🎾","❤","🙏","👏","🏼","👏","🐶","😀","🎾","💪","👏","🏽","👏","🏽","👏","🏽","🎾","👏","👏","👏","💪","👏","🏆","👏","👏","👏","👏","🙏","😀","🏆","🎾","❤","👏","🏼","👏","🏼","👏","🏼","👏","🏼","🎾","👏","👏","💪","🎾","👏","💪","💪","👏","👏","👏","👏","🎾","❤","💪","🎾","👏","👏","👏","👏","😘","❤","🎈","🎂","😘","😘","🙌","🙌","👏","👏","👏","🏊","🏻","♀","🥇","👏","👏","😜","😜","😂","😂","🎂","😘","❤","😢","👏","👏","👏","🏼","👏","🏼","👏","🏼","😱","🏃","🏿","🙌","😃","🐊","🎾","🏆","👏","😘","🏆","🎾","👏","🙏","🎾","💪","😘","😍"]}
{"_id":{"$oid":"5a83308a5d26ee30b8e52a1c"},"screen_name":"JessicaTajes","emojis":[]}
{"_id":{"$oid":"5a83308a5d26ee30b8e52a1d"},"screen_name":"orisabatini","emojis":["❤","❤","❤","🔥","🔥","🔥","🔥","🔥","💙","💙","💙","💙","🖤","😂","😂","😂","🔥","🔥","🔥","🌄","🌄","🌵","🌵","👇","🏻","👇","🏻","👇","🏻","❤","❤","❤","❤","👏","🏻","👏","🏻","👏","🏻","👏","🏻","😁","😁","😁","❤","❤","❤","❤","❤","❤","❤","🙈","🙈","🙈","🙈","🖤","🖤","🍁","🍁","❤","❤","❤","❤","❤","❤","😱","🔥","💜","🎇","🌈","🍭","🦋","🖤","💜","💜","💜","😂","❤","❤","❤","❤","❤","❤","🦋","🎆","💚","💙","❤","🦋","🔥","🌈","🍭","🎇","😱","😱","😱","😱","🙋","🏻","♀","🙋","🏻","♀","🤔","❤","❤","❤","❤","❤","🤔","❤","🙏","🏻","🖤","⚡","🖤","⚡","🖤","⚡","🖤","😂","😂","😱","😵","😍","❤","🖤","🌈","⚡","⚡","🔥","❤","🌈","🎤","🙊","😌","❤","💋","💙","💋","⚡","🔥","🌈","💋","🖤","⚡","🔥","😋","🙈","🖤","🖤","🙈","⚡","⚡","😂","😂","😂","😂","😍","🙈","🖤","⚡","🌈","😂","🙈","❤","💋","⚡","🔥","➡","❤","❤","❤","❤","❤","🔥","🔥","🔥","🔥","🖤","🔥","🔜","✋","🏻","🖤","🔥","🔜","✋","🏻","🙊","🖤","🎇","💋","🔥","🦄","🌈","⚡","❤","🙈","🐆","🐆","🌞","🌞","🎇"]}
{"_id":{"$oid":"5a83308a5d26ee30b8e52a1e"},"screen_name":"pattysabinera","emojis":[]}
{"_id":{"$oid":"5a83308a5d26ee30b8e52a1f"},"screen_name":"PatinoMargara","emojis":[]}
{"_id":{"$oid":"5a83308a5d26ee30b8e52a20"},"screen_name":"LuRibero22","emojis":["😍","🤦","🏼","♀","🤔","😍","🌹","❤","👏","😩","😍","❣","😍","🌧","🎭","❤","😒","😂"]}
{"_id":{"$oid":"5a83308a5d26ee30b8e52a21"},"screen_name":"flor_vigna","emojis":["😒","🎬","🅾","🅰","📽","😏","🤓","🎉","🤣","♥","🙏","😅","🙏","♥","🏝","🙏","🙏","♥","🌈","✨","🙌","🏽","💃","‼","♥","♥","♥","🙌","🏽","♥","♥","♥","💃","♥","🙏","♥","♥","😂","👏","🏾","🎉","🎉","🎉","♥","🙌","🏽","💃","♥","🙏","❤","🎉","😍","😍","😍","😍","🙌","🏽","♥","🙌","🏽","🏝"]}
{"_id":{"$oid":"5a83308a5d26ee30b8e52a22"},"screen_name":"MegoRomina","emojis":["😂","😂","😂","😂","🍊","🍊","😤","😘","😘","😘","😂","😂","😂","😂","😂","😂","😂","😅","😅","😅","😞","😞","😎","😎","💯","😪","😂","😂","😡","😥","😄","😄","😪","😢","😂","🎉","😮","😪","😩","☔","🌂","😅","🌞","🍀","😍","😡","😍","😂","😂","😂","😫","😕","😙","😙","😣","👇","😑","🐶","😟","😱","😱","💁","😣"]}
{"_id":{"$oid":"5a83308a5d26ee30b8e52a23"},"screen_name":"serranacasella","emojis":[]}
{"_id":{"$oid":"5a83308a5d26ee30b8e52a24"},"screen_name":"Kmy203","emojis":["😕","😭","👧","🏾","👧","🏽"]}
{"_id":{"$oid":"5a83308a5d26ee30b8e52a25"},"screen_name":"RaholaOficial","emojis":["🌹","🎀","💝","🌹","💝","🌹","🎀","🌹"]}
{"_id":{"$oid":"5a83308a5d26ee30b8e52a26"},"screen_name":"cynthilouu","emojis":["❣","☹","💁","🏻","♀","💖","😂","😂","🤔","😂","😂","🤦","🏻","♀","❤","❤","😍"]}
{"_id":{"$oid":"5a83308a5d26ee30b8e52a27"},"screen_name":"juli_zylberberg","emojis":["💕","💕","💕","🙋","♀","🍓","⚡","⚡","💕","🔜","💕","🙌","🏼","💕","🏅","💕","💕","💕","💕","💕","🦊","🦁","🙄","💕","💕","🎅","🏻","🌸","🏓","💕","💕","💕","💕","💕","💕","💕","💕","💕","🙌","🏼","🙌","🏼","🙌","🏼","🙉","🙉","🙉","🙉","🍺","🍺","💕","🍽","🦁","💕","💕","💕"]}
{"_id":{"$oid":"5a83308a5d26ee30b8e52a28"},"screen_name":"flavia_pennetta","emojis":["🔬","❤","❤","👪","❤","🍼","❤","❤","💋","💋","❤","❤","❤","😅","😅","😂","💪","💪","❤","😍","❤","😍","😍","❤","💋","❤","💋","💋","💋","😴","😴","💋","💋","💋","😂","😂","😂","😘","❤","🖐","💋","💋","💋","😘","😘","😘","😘","😘","😍","😘","❤","💋","💋","💪","❤","💪","😍","😍","😍","❤","❤","❤","💙","🤔","🤔","🤔","👏","👏","👏","💋","💋","💋","💋","💪","💪","❤","❤","❤","❤","💑","❤","❤","❤","😘","💋","💋","💋","😔","😔","😔","😘","😘","😘","🤔","🤔","🤔","💪","💪","💪","💪","😍","😍","❤","😉","💛","🐝","🐝","🐝","😍","😍","❤","👯","❤","❤","❤","❤","😍","😍","💪","💪","🤗","🎉","🎉","🎉","❤","❤","❤","❤","❤","❤","❤","❤","💋","❤","😘","😂","😂","❤","💑","❤","❤","❤","💑","💪","💪","💪","👭","👯","😂","💪","❤","❤","❤","❤","❤","❤","❤","❤","❤","❤","💪","💪","❤","❤","😅","😅","❤","❤","💋","💪","💪","❤","😱","😱","😭","❤","👏","❤","👏","💑","❤","👶","🏼","💋","💋","💋","💪","💪","💋","😂","💋","❤","😍","😱","🎊","🎉","🎊","🎉","🎊","🎉","❤","❤","❤","❤","❤","❤","❤","💪","🐎"]}
{"_id":{"$oid":"5a83308a5d26ee30b8e52a29"},"screen_name":"alejandra_balbi","emojis":["🙃","😍","🤔","😏","❤","🙄","😁","👏","👏","👏","👏","👏","👏"]}
{"_id":{"$oid":"5a83308a5d26ee30b8e52a2a"},"screen_name":"RosaLopez","emojis":["🌹","🌹","❤","💫","💥","😂","🙌","🏻","☀","🏝","🙏","🏻","💫","💋","🙏","🏻","💫","💫","💫","💫","💫","💫","❤","❤","❤","❤","❤","❤","❤","😭","😭","😭","😭","😭","😩","😩","😩","😩","😭","😭","❤","❤","❤","💫","❤","🎉","🎂","😊","💋","🎶","🎶","🎄","🎊","🎊","🎄","❤","📺","🤣","🤣","🤣","🤣","🤣","🤣","🤣","✨","🤔","😉","🎄","🎁","❤","❤","❤","👏","🏻","👏","🏻","👏","🏻","👏","🏻","🤔"]}
{"_id":{"$oid":"5a83308a5d26ee30b8e52a2b"},"screen_name":"Fio_Correa","emojis":["😉","😙","🍷","💛","🍷","💛","😙","💛","😢","😎","👏","😍","😍","😍","😍","😢"]}
{"_id":{"$oid":"5a83308a5d26ee30b8e52a2c"},"screen_name":"Joshefernadez","emojis":["🙏","🏻","🙏","🏻","💞","😻","😻","😱","😱","💙","😍","😍","🙏","🏻"]}
{"_id":{"$oid":"5a83308a5d26ee30b8e52a2d"},"screen_name":"lourdesanchezok","emojis":["😄","😄","😄","🙌","🏼","🙌","🏼","🙌","🏼","👉","🏻","🤸","🏽","♀","🤸","🏽","♀","🤸","🏽","♀","🌈","🎉","💕","🙏","🏻","🙏","🏻","🙏","🏻","🙏","🏻","✨","❤","❤","❤","😊","🎉","🌈","🎉","🌈","🎉","🌈","🎉","🌈","🎉","🌈","🎉","🌈","🎉","🌈","🎉","🌈","❤","❤","❤","❤","😍","❤","❤","❤","😍","😍","😍","😍","✨","✨","✨","🌈","😆","🎉","✨","💕","😎","☀","🌈","🤧","🙃","😏","😎","😢","❤","❤","❤","😱","😱","😱","😱","😱","😱","🎉","🙌","🏼","💃","🏾","❤","🅿","🅾","👗","👠","💎","❤","😆","🎉","❤","💃","🏻","🕺","🏻","🎉","❤","😆","❤","😁","👉","🏻","🙂","🎉","🌈","❤","🙌","🏼","😁","🌈","🌼","🎉","🎉","🎉","🎉","🌼","🌸","🌺","🌼","🌸","🌺","🌼","🌸","🌺","🌼","🌸","🌺","😁","❤","🙌","🏼","❤","❤","❤","❤","❤","❤","❤","❤","😛","🙋","🏾","♀","🌈","🤡","🤣","😁","😃","😀","😄","😁","😆","😉","😆","🌿","🐛","🦋","🐶","🏽","🐶","😁","🌈","❤","😁","🌈","❤","😁","🌈","❤","😁","🌈","❤","😁","🌈","❤","🌈","❤","😆","💕","😁","👏","🏻","❤","❤","❤","❤"]}
{"_id":{"$oid":"5a83308a5d26ee30b8e52a2e"},"screen_name":"Candevetranok","emojis":["😂","❤","❤","🙏","🏻","🌸","🙏","🏻","❤","✨","❤","👑","📺","🌹","😱","❤","💖","🙌","🏻","✨","🙌","🏻","✨","🙌","🏻","✨","🙌","🏻","💜","🎊","❣","💻","✨","💘","🙌","🏻","✨","❤","🔥","🚙","💚","👉","🏻","🙌","🏻","❤","❤","📺"]}
{"_id":{"$oid":"5a83308a5d26ee30b8e52a2f"},"screen_name":"DianaAmarilla","emojis":["😏","💛","😍","🎥","⚽","😎","👯","♀","💝","💕","🦄","🦄","🦄","🦄","💝","💁","🏻","♀","😪","😍","💝","💝","💝","💝","💝","😍","💆","🏻","♀","🌴","😍","🎼","🎶","🦋","💎","🏝","🌴","🎄","💋","🎄","❤","💪","🏻","❤","🤗","😍","🎶","🌴","💆","🏻","♀","🌴","🎶","💆","🏻","♀","🙏","🏻","🦋","👊","🏻","🦋","😍","🦋","🌟","♥","☺","🎶","❤","🎶","🤗","🎶","🐤","❤","👋","🏻","💋","👉","🏻","👈","🏻","🔝","👸","🏽","👸","🏼","👶","🏼","🌞","🌈","♥","🔝","😌"]}
{"_id":{"$oid":"5a83308a5d26ee30b8e52a30"},"screen_name":"iconoalfano","emojis":["😹","😹","😹","😹","😹","😘","😘","😂","😘","🙀","🙀","🙀","🙀","🤣","🤣","😂","🤣","😂","💕","👏","💋","💕","😜","❤","👏","👏","⭐","⭐","🌟","⭐","⭐","😊","😊","😊","😊","😊","🙏","💕","💕","💕","💕","🌞","🌞","🌞","🌞","🌞","💫","💋","❤","❤","❤","❤","❤","❤","❤","❤","❤","❤","❤","❤","❤","❤","❤","❤","❤","❤","❤","❤","❤","❤","❤","❤","❤","❤","💋","💋","💋","💋","💋","🙏","🙏","🙏","🙏","🙏","💋","💋","😂","🌟","🌟","🌟","🌟","🌟","💕","💕","💕","💕","😂","😂","😂","😂","😂","😂","😂","👏","👏","👏","👏","👏","👏","😂","😉","😉","💖","💖","💖","💖","💖","💖","💪","💪","💪","💪","💖","💖","💖","🙏","🙏","🙏","🙏","🙏","❤","😂","💖"]}
{"_id":{"$oid":"5a83308a5d26ee30b8e52a31"},"screen_name":"aymarlucha","emojis":["❤","🏃","🏻","♀","😰","😁","😘","🌅","☺","❤","💪","🏻","😘","😘","❤","✨","😘","😘","💃","🏻","😘","💪","🏻","💪","🏻","✔","👌","💃","🏻","❤","😘","❤","💃","🏻","😘","➡","🏀","🏑","🏅","🔝","📸","📸","📸","👏","👏","🏆","👏","👏","👏","❤","📷","😘","❤","📸","😂","😂","😂","😂","😂","👏"]}
{"_id":{"$oid":"5a83308a5d26ee30b8e52a32"},"screen_name":"barvelez","emojis":["🤷","🏻","♀","😇","🤦","🏻","♀","🤦","🏻","♀","❤","❤","❤","❤","😍","🌟","💃","🏻","🌕","❤","🌟","🌟","🌟","🌟","❤","❤","❤","❤","❤","❤","🙌","🏼","❤","❤","❤","😘","❤","❤","❤","❤","❤","❤","✨","🌟","🙌","🏼","🙌","🏼","🙌","🏼","⭐","🙌","🏼","⚡","😍","💕","💕","🌟","🌟","🌟","🌟","🌟","❤","❤","❤","💥","💥","🌟","😱","😂","😂","🤷","🏻","♀","✨","✨","🌟","🙏","🏼","🙏","🏼","🙏","🏼","🅾","❤","💣","💣","💣","❤","🅾","🅾","💐","🙌","🏼","🙌","🏼","❣","😍","😍","🙌","🏼","💐","✨","❤","🖤","💣","❣","🅾","🅰","❤","😭","😭","😭","😭","🤙","🏼","💁","🏻","💍","✨","❣","💃","🏻","🤦","🏻","♀","🍺","🥂","🤤","💘","💘","💘","✨","🙌","🏼","🙌","🏼","🙌","🏼","🙌","🏼","💘","✨","❤","❤","😍","🤤","😍","🤦","🏻","♀","😭","😰","👠","💫"]}
{"_id":{"$oid":"5a83308a5d26ee30b8e52a33"},"screen_name":"grisici","emojis":["❤","💃","🏻","🎀","😜","😱","❤","💃","🏻","💪","🏻","💪","🏻","🙌","🏻","💪","🏻","💪","🏻","💃","🏻","💃","🏻","😂","😂","😂","😂","💪","🏻","🙌","🏻","🙌","🏻","🙌","🏻","🙌","🏻","👏","🏻","👏","🏻","👏","🏻","👏","🏻","🙌","🏻","🙌","🏻","🙌","🏻","🙌","🏻","🙌","🏻","🙌","🏻","🙌","🏻","💃","🏻","🙌","🏻","🙌","🏻","🙌","🏻","🙌","🏻","😍","😍","💪","🏻","💃","🏻","😍","😍","💃","🏻","💪","🏻","💪","🏻","💃","🏻","💃","🏻","🙌","🏻","💃","🏻","😑","😂","😂","😎","😍","😍","😍","😍","🙋","🏻","😜","💪","🏻","😂","😂","😂","😂","🤦","🏻","♀","🤷","🏻","♀","🙋","🏻"]}
{"_id":{"$oid":"5a83308a5d26ee30b8e52a34"},"screen_name":"VickyYemini","emojis":["😍"]}
{"_id":{"$oid":"5a83308a5d26ee30b8e52a35"},"screen_name":"laliespos","emojis":["👉","🔥","🔥","💪","🌺","🌺","💋","🔥","🙏","❤","🤘","🔥","😂","🕺","💃","🕺","💋","🍌","👠","👌","🎉","❤","🤔","💋","🙏","❤","❤","❤","🎉","💋","🙏","❤","❤","👰","🏻","💑","😈","🎉","👌","🔥","❤","👒","🤦","♀","🙏","🎉","❤","🌅","🍷","🌞","🌴","🥐"]}
{"_id":{"$oid":"5a83308a5d26ee30b8e52a36"},"screen_name":"RoxanaGLB","emojis":["💪","❤","💋","💖","💖","💖","💖","🍻","🎶","🤘","🎤","😍","💖","💪","💪","👏","👏","👏","👏","💖","🎶","🤘","🎶","💖","😈","💪","🎶","💖","🤘","💖","🎶","💖","🤘","🎶","💪","👐","💖","💖","💖","💗","🎶","🎵","🎤","💖","💖","🎶","🎵","🤘","🎶","🎶","🎶","🤘","💖","🎵","🎶","💖","💖","💪","💖","💖","💖","💖","💖"]}
{"_id":{"$oid":"5a83308a5d26ee30b8e52a37"},"screen_name":"vale_inthesky","emojis":["😭","😭","😭","🙋","🏻","♀","😘","🙏","🏻","❤","👍","🏻","😭","❤","😱","😍","😃","🤷","🏻","♀","❤","🙏","🏻","💔","😂","🤷","🏻","♀","❤","🤔","😍","😍","😍","❤","🤦","🏻","💔","🤔","🤔","😍","😂","💔","💪","🏻","💪","🏻","💪","🏻","😔","😍","❤"]}
{"_id":{"$oid":"5a83308a5d26ee30b8e52a38"},"screen_name":"jescirio","emojis":["♥","♥","♥","😀","😀","😀","😀","💕","😀","😀","😀","👍","👍","👍","😀","😀","😀","😀","😀","❤","❤","❤","❤","♥","🖤","👏","🏼","🖤","💃","🏻","🙌","🏽","🤤","😍","💗","❤","💫","👑","💫","💫","💫","💫","💪","🏼","😍","😍","😍","😍","😍","😱","🔥","❤","❤","😀","😀","😀","🎄","🐶","👌","🏼","🙈","🙈","🙈","🙈","😀","💜","💪","🏼","💞","❤","😘","😘","😘","😍","🤗","❤","💜","🖤"]}
{"_id":{"$oid":"5a83308a5d26ee30b8e52a39"},"screen_name":"daiaGmartinez","emojis":["😊","😊","😜","😊","😜","😜","♥","😜","💃"]}
{"_id":{"$oid":"5a83308a5d26ee30b8e52a3a"},"screen_name":"ViaJuani","emojis":["❤","❤","❤","❤","❤","❤","😪"]}
{"_id":{"$oid":"5a83308a5d26ee30b8e52a3b"},"screen_name":"lulifernandezok","emojis":["🐶","🐶","🐶","🐶","❤","🤓","✨","🎂","🏻","♀","💕","🎂","😂","❤","❤","❤","❤","❤","❤","❤","❤","❤","✨","😫","👯","♀","🔥","🔥","🌴","🌅","🙏","🏻","❤","🌅","🌊","💪","🏻","🔥","🌿","🌴","🍃","💅","🏻","🏻","♀","📿","❤","❤","❤","👋","🏻","❤","☹","🙏","🏻","🌴","🦎","🏖","🏖","🙏","🏻","❤","🌴","🌴","🏝","🏝","📸","🌅","🙏","🏻","❤","🌅","‼","🎁","😂","🔜","❤","😍","❤","❤","🌴","❤","😍","❤","🌴"]}
{"_id":{"$oid":"5a83308a5d26ee30b8e52a3c"},"screen_name":"gimeaccardi","emojis":["💕","🌈","🤦","🏻","♀","🙌","🏼","😂","🤣","🤔","🕺","🏻","🔥","☄","💥","🎭","😔","😔","😏","😎","🙌","🏼","💕","🤦","🏻","♀","🤷","🏻","♀","🙈","🤦","🏻","♀","🤦","🏻","♀","😂","😂","🤷","🏻","♀","🤷","🏻","♀","🙈","🙈","💕","🙌","🏼","🎬","🎥","🎥","🎬","🙌","🏼","😎","🎥","🎬","🙌","🏼","👏","🏼","🙌","🏼","💪","🏼","🌈","🙌","🏼","🙌","🏼","🌈","🌈","🌈","🙌","🏼","👏","🏼","👏","🏼","👏","🏼","💕","💕","💕","🌈","🙌","🏼","🙌","🏼","💪","🏼","💪","🏼","💪","🏼","🙌","🏼","🙌","🏼","🙌","🏼","🙌","🏼","🌈","🤦","🏻","♀","🙄"]}
{"_id":{"$oid":"5a83308a5d26ee30b8e52a3d"},"screen_name":"laufer4","emojis":["😄","💘","❤","😍","😍","😍","✈","🌟","🎉","😁","🎶","❤","🙌","🏻","🙌","🏻","🙌","🏻","🏝","🤗","❤","🐣","🐱","🐯","😼","👏","🏻","🎉","🤤","❤","🍉","🍉","🍉","😔","💨","💨","💨","❤","🎵","🎶","❤","😃","😃","😃","😄","😧","💧","🌊","🌊","🌊","😊","❤","☀","🏖"]}
{"_id":{"$oid":"5a83308a5d26ee30b8e52a3e"},"screen_name":"noeliamarzol","emojis":["❤","❤","💪","🏼","💪","🏼","💪","🏼","🎊","🎉","🎊","🎉","🎊","🎈","💪","🏼","💪","🏼","💪","🏼","🎊","🎉","🎊","🎉","🎊","🎈","❤","❤","❤","❤","❤","❤","❤","❤","❤","🙌","🏼","🤦","🏼","♀","😂","💪","🏼","💪","🏼","💪","🏼","😖","👎","🏼","💪","🏼","💪","🏼","💪","🏼","🤣","🤣"]}
{"_id":{"$oid":"5a83308a5d26ee30b8e52a3f"},"screen_name":"cokiramirez","emojis":["😂","😂","😑","😂","😂","😂","😂","❤","❤","❤","❤","🙏","🏻","🔥","👊","🏼","😂","😂","😂","🤷","♀","🤷","♀","🤷","♀","😜","😜","😜","👏","🏻","👏","🏻","👏","🏻","👏","🏻","👏","🏻","👏","🏻","😂","😂","😂","❤","♎","👏","🏻","👏","🏻","❤","♎","❤","♎","👏","🏻","👏","🏻","👊","🏼","👊","🏼","👏","🏻","👊","🏼","🥚","🥚","😂","😂","😩","😩","😱","😱","😱","😱","😂","😂","😂","😂","❤","♎","🎶","🎶","❤","♎","🎶","🎤","😄","😉","😂","😂","☺","☺","😂","😂","😂","😄","👊","🏼","🎉","😄","🎉","😉","👊","🏼","😄","💪","🏼","❤","♎","❤","♎","😄","🎉","😂","😂","😂","😄","😘","👍","🏼","❤","❤","❤","💗","👏","🏻","💪","🏼","😑","🙏","🏻","🎉","💗","😞","🙏","🏻","❤","❤","❤","❤","❤","❤","❤","❤","❤","❤"]}
{"_id":{"$oid":"5a83308a5d26ee30b8e52a40"},"screen_name":"valita_iglesias","emojis":["👀","😉","♥","♥","♥","♥","♥"]}
{"_id":{"$oid":"5a83308a5d26ee30b8e52a41"},"screen_name":"romero_caro","emojis":["😊"]}
{"_id":{"$oid":"5a83308a5d26ee30b8e52a42"},"screen_name":"chubonelli","emojis":["🙋","🏼","♀","👈","❤","❤","❤","❤","❤","👏","👏","👏","👏","👏","❤","👍","🤙","⚽","🥅","🙋","🏼","♀","👏","👏","👏","👏","👍","🤙","❤","😳","😂","😊","💕","❤","👍","❤","❤","❤","❤","❤","🤗","❤","👏","👏","👏","👏","👏","👏","👏","🙏","💕","👏","👏","👏","👏","👏","🤙","🤙","🤙","❤","❤","❤","❤","❤","😁","😁","😁","😁","👇","🏻","👏","👏","👏","👏","👏","❤","❤","😂","👏","👏","👏","👏","👏","👏","🤷","♀","👍","💪","👍","🍀","😊","😘","❤","❤","❤","❤","❤","❤","❤","👏","👏","👏","👏","👏","😊"]}
{"_id":{"$oid":"5a83308a5d26ee30b8e52a43"},"screen_name":"paulitachaves","emojis":["👊","🏼","👊","🏼","👊","🏼","😂","😭","🤞","🏼","💫","⚡","💫","🙌","🏼","😂","♥","♥","♥","🙄","🙆","🏼","♥","♥","😔","🤦","🏼","♀","😂","🙆","🏼","🎧","🎭","♥","♥","♥","🙌","🏼","🙌","🏼","🙌","🏼","♥","♥","♥","🙌","🏼","🙌","🏼","🙌","🏼","🐼","♥","😂"]}
{"_id":{"$oid":"5a83308a5d26ee30b8e52a44"},"screen_name":"Moria_Casan","emojis":["👏","👏","👏","💋","👏","👏","👏","💋","💋","👏","👏","👏","💋","🔥","🔥","🔥","💋","🎁","🎈","🎈","🎈","💋","👏","👏","👏","💋","👏","👏","👏","💋","👏","👏","👏","💋","🎁","🎈","🎈","🎈","❤","❤","💋","❤","👈","💋","❤","🎁","🎈","🎈","🎈","🌈","🌈","🌈","💋","🎁","🎈","🎈","🎈","❤","💋","🎁","🎈","🎈","🎈","👏","👏","👏","💋","❤","❤","❤","👍","💋","💋","💋"]}
{"_id":{"$oid":"5a83308a5d26ee30b8e52a45"},"screen_name":"catherine_fulop","emojis":["💪","🏽","🙏","🏽","🙈","💔","♥","🙏","🏽","💔","🦋","❤","💔","❤","😍","❤","😍"]}
{"_id":{"$oid":"5a83308a5d26ee30b8e52a46"},"screen_name":"PamelaDav","emojis":["😂","😂","😂","🤣","🤣","🤣","🤣","🤣","😭","😭","😭","😭","😍","😍","💕","💕","💕","😍","🌴","🌴","🌴","💪","🏼","💪","🏼","💪","🏼","💪","🏼","😘","💃","🏻","💃","🏻","💪","💪","💪","😍","💕","👏","👏","👏","👏","👏","👏","👏","👏","💃","🏻","😂","😂","😂","😂","😂","😘","😘","😘","😘","😘","😂","😂","😂","😂","😂","😂","😂","😂","👦","🏻","😍","😂","😂","😂","😂","😍","😍","😁","🙏","🙏","🙏","🙏","🙏","😘","😘","😘","😘","😘","😘","😘"]}
{"_id":{"$oid":"5a83308a5d26ee30b8e52a47"},"screen_name":"chinasuarez","emojis":["❤","🙏","🏼","❤","💪","🏽","❤","❤","❤","🤧","🙏","🏼","❤","❤","❤","😎","✨","✨","💗","❤","😂","😤","😱","💗","✨","❤","😍","❤","💕","😂","🤷","🏽","♀","🐣","❤","🤓","❤","❤","❤","💪","🏽","❤","❤","✨","🙏","🏼","🙋","🏽","❤","🙆","🏼","💪","🏼","🙆","🏼","💪","🏼","👌","🏼","🕺","🏼","💃","🏻","🕺","🏼","💃","🏻","🎉","🎊","😭","❤","❤","😂","✨","❤","❤","🙏","🏼","😂","❤","👑","✨","❤","😂","✨","✨","❤","🤰","🏼","🥐","🥐","🏃","🏽","♀","👼","🏻","☺","😤","👍","🏼","✨","👋","🏽","❤","✨","❤"]}
{"_id":{"$oid":"5a83308a5d26ee30b8e52a48"},"screen_name":"lizytagliani","emojis":[]}
{"_id":{"$oid":"5a83308a5d26ee30b8e52a49"},"screen_name":"belufrancese","emojis":["❤","❤","😘","💪","😱","🙌","😍","🎈","😘","👏","👏","👏","👏","🌍","😘","👍","🔥","😘","❤","👈","😘","💋","😊","🤣","👈","😊","👇","⭐","👈","💕","⭐","🍃","🌾","☀","😨","🤔","😯","🤓","😛","😍","😉","🙄","❤","👈","😘","👈","👏","👏","👏"]}
{"_id":{"$oid":"5a83308a5d26ee30b8e52a4a"},"screen_name":"ailen_bechara","emojis":["✌","🏻","❤","💋","😇","💣","💗","😌","🤣","✌","🏻","👖","😍","😍","😍","😍","💕","👏","👏","👏","👏","👏","👏","👏","😝","💙","😥","🌷","☺","☺","☺","☺","☺","💗","💖","💖","💖","🤗","😶","🌹","🌺","🌷","🌸","🤰","🏼","🙌","🏻","👏","😄","😄","😄","🙏","🏽","🙏","🏽","❤","😢","💗","💗","💗","💗","💗","💗","💗","💗","💗","💗","💗","💗","💗","💖","😂","😍","💗","💗","💗","💗","💗","💗","💗","💗","🤰","🏼","💖","💫","💖","💫","👌","🏻","💦","☀","👙","💕","💖","☺","💗","🙌","🏻","👏","💗","💕","💫","🎉","☀","🌊","😊","😃","💕","👏","💦","😍","🙌","🏻","🎭","💕","😂","😂","😂","😂","🤣","👏","💕","💕","🤰","🏼","💗","😍","😍","💕","😌","💕","💕","🤰","🏼","💖","✌","🏻","💋","😌","🤰","🏼","💕","☺","🍼","❤","👗","💄","🙍","🏼","♀","😄","😄","😄","💗","😛","❤","💖","🤰","🏼","✔","✔","✔","✔","💕","😍","🤰","🏼","⭐","💕","😍","💗","💕","🙌","🏻","⭐","😂","💗","🤦","🏼","♀","⭐","🙌","🏻","❤","😇","🤰","🏼","⭐","🍼","⭐","😥","💗","💋","💘","💘","💘","💘","💘","💘","👏","🙌","🏻","💥","💫","💗"]}
{"_id":{"$oid":"5a83308a5d26ee30b8e52a4b"},"screen_name":"juli2007","emojis":[]}
{"_id":{"$oid":"5a83308a5d26ee30b8e52a4c"},"screen_name":"cinthifernandez","emojis":["👏","😍","😍","😍","❤","❤","❤","❤","🤧","😢","❤","😁","❤","👉","🤷","🏽","♀","😢","🤷","🏽","♀","😢","🤷","🏽","♀","😢","🤷","🏽","♀","👏","👏","👏","👏","👏","👏","👏","👏","😁","👌","🏻","😘","😂","😂","😂","😘","😂","😂","😂","😘","❤","❤","🤷","🏽","♀","👌","🏻","🙏","🤷","🏽","♀","👏","❤","😁","🙏","👌","🏻","😳","😳","😳","😩","😭","🙏","🙌","🏻","🤦","♀"]}
{"_id":{"$oid":"5a83308a5d26ee30b8e52a4d"},"screen_name":"connieansaldi","emojis":["👌","🏻","😒","😀","🕺","🏻","🤷","🏻","♀","😂","💃","🏻","👑","😂","😂","😂","🕺","🏻","🙌","🏻","🙌","🏻","🙌","🏻","🙌","🏻","🙌","🏻","🙌","🏻","👑","😞","🤷","🏻","♀","😏","❤","🤗","🕺","🏻","💋","🙄","😏","🤔","🕺","🏻","🙌","🏻","💥","😍","❤","❤","❤","❤","🤳","🙌","🏻","💋","💥","🤷","🏻","♀","🙏","🏻","😔","😔","😔","😔","💔","💪","🏻","😂"]}
{"_id":{"$oid":"5a83308a5d26ee30b8e52a4e"},"screen_name":"JuanaRepetto","emojis":["‼","😅","🙏","🏻","👋","🏻","💐","💪","🏻","💛","❤","🐥","🛎","💘","💘","💫","💙","😃","🌊","❤","❔","💛","📷","☀","📆","🏻","♀","🐕","💚","🎉","🎉","🙏","🏻","💙","🏍","➡","🏍","👆","🏻","❣","💙","🤤","💘","🤰","🏻","🍝","💪","🏻","👆","🏻","👟","👇","🏻","🙌","🏻","🎈","🎶","💛","😱","🤤","‼","🙌","🏻","👏","🏻","👏","🏻","👏","🏻","💜","💜","🌷","😅","💛","👩","👦","👋","🏻","🤷","🏻","♀","☔","🌈","🙏","🏻","❤","❓","🕺","🏻","💃","🏻","🐀","🙈","💘","😱","🙏","🏻","🤔","👫","✨","🎨","👏","🏻","👏","🏻","👏","🏻","👏","🏻","🤰","🏻","🎉","💙","🤔","🤘","🏻","🎶","‼"]}
{"_id":{"$oid":"5a83308a5d26ee30b8e52a4f"},"screen_name":"SilvinaLunaWeb","emojis":["✌","😉","😇","💃","🎶","👏","👏","👏","👏","❤","👏","👏","👏","👏","❤","💃","🙌","🏻","👏","👏","👏","😂","😂","😂","💪","❤","❤","✌","✌","✌","👜","🙌","🏻","💪","👏","👏","💪","💪","💪","💪","💪","❤","❤","❤","❤","👯","😍","😍","😍","😍","🙏","🙏","🙏","🙏","🙌","🏻","🌸","🌺","🌷","🌹","🌼","💐","💐","💐","💑","❤","💪","💪","💪","💪","❤","✌","❤","💕","💃","🕺","🏽","💪","💪","😂","😂","😂","❤","💃","🕺","🏽","🔥","🔥","🔥","🔥","🔥","🔥","💪","✌","🌈","🌈","💪","💪","🌈","💪","🌺","🌺","🌺","🌺","🌈","🙏","💃","💙","❤","💛","🌈","🌈","🌈","🌈","🌈","🌈","🌈","💙","☃","👏","👏","👏","✌","👏","👏","👏","👠","✌","🤘","🍁","🍁","🍁","🍂","🍂","🍂","🍂","🍂","👍","❤","🙋"]}
{"_id":{"$oid":"5a83308a5d26ee30b8e52a50"},"screen_name":"Su_Gimenez","emojis":["❤","💕","😘","❤","🎄","🎁","👋","👋","👋","👋","👋","👀","👀","❤","❤","💥","⚽","⚽","⚽","❤","❤"]}
{"_id":{"$oid":"5a83308a5d26ee30b8e52a51"},"screen_name":"paobianco","emojis":["😂","😂","😂","😂","😂","🙄","😂","😘","😬","😂","😘","🎶","😂","😂","😂","😂","❤","😘","🐢","🙄","😭","😭","😭","😭","😭","😭","✌","🏼","🤘","🏼","❤","🔥","❤","😭","😭","😭","😭","😍","😘"]}
{"_id":{"$oid":"5a83308a5d26ee30b8e52a52"},"screen_name":"mirthalegrand","emojis":["🎉","🎈","😘","💐","🌷","💕","🌷","💐","👏","💐","🌹","🎈","😘"]}
{"_id":{"$oid":"5a83308a5d26ee30b8e52a53"},"screen_name":"magdalenabravi","emojis":["♥","🎭","👌","✨","♥","✨","♥","😘","♥","😏","💜","🌟","🌟","✨","✨","✨","📻","🌟","♥","🖤","🎊","😯","🤣","♥","✨","😘","☕","🍪","♥","🖤","✨","♥","✨","♥","✨","🌟","💚","🥇","✨","♥","♥","😱","☝","🏻","💖","😱","✨","♥","♥","♥","♥","💜","💜","💜","💜","💜","💜","💜","💥","♥","😆","😁","😆","💥","💥","💥","♥","💥","♥","♥","♥","♥","💋","💋","💋","💋","💋","💋","💋","💋","💦","⚡","💥","🖤","♥","🤗"]}
{"_id":{"$oid":"5a83308a5d26ee30b8e52a54"},"screen_name":"veleznazarena","emojis":["👍","👏","👏","👏","👏","👏","👏","👏","👏","👏","👏","👏","👏","👏","👏","👏","❤","❤","❤","😂","😂","😂","😂","😂","😂","🙈","🙈","🙈","🙈","🙈","🙈","❤","👏","👏","👏","👏","👏","👏","👏","😘","😘","😘","😘","😘","❤","❤","👏","👏","👏","👏","❤","❤","❤","👏","👏","👏","👏","👏","👏","❤","❤","❤","❤","❤","❤","👏","👏","👏","👏","💪","💪","💪","💪","💪","💪","👏","👏","👏","👏","👏","👏","👏","🐢","🙄","😉","😉","😉","😉","😉","😉","😉","😗","❤","❤","❤","😍","❤","😗","🤣","🤣","🤣","🤣","🤣","🙈","🙈","🙈","🙈","🙈","❤","❤","🤙","🤙","🤙","👏","👏","👏","👏","👏","👏","❤","🤣","🤣","🤣","🤣","❤","❤","❤","❤","❤"]}
{"_id":{"$oid":"5a83308a5d26ee30b8e52a55"},"screen_name":"mariuvidal","emojis":["❤","💪"]}
{"_id":{"$oid":"5a83308a5d26ee30b8e52a56"},"screen_name":"LuceroMexico","emojis":["😄","👍","🏼","🎉","😘","😘","😘","😘"]}
{"_id":{"$oid":"5a83308a5d26ee30b8e52a57"},"screen_name":"nataliatourn","emojis":["😆","🤣","🤣","🤣","🤣","😪"]}
{"_id":{"$oid":"5a83308a5d26ee30b8e52a58"},"screen_name":"mareugeniam","emojis":["💰","😤","👏","👏","👏","👏","👏"]}
{"_id":{"$oid":"5a83308a5d26ee30b8e52a59"},"screen_name":"zairana","emojis":["😍","❣","❤","❤","❤","🤦","🏻","♀","❤","❤","😱","🤔","🤖","👻","😍","💞","🤔","🙀","🤧","⭐","💫","✨","😱","⭐","💃","🏻","🎅","🏻","😍","🤷","🏻","♀","😱","💜","😐","🤕","😰","💜","❤","😍","❤","😍","❤","😍","😍","❤","😍","🙌","🏻","💪","🏼","👏","🏼","💜","👓","💜","🙋","🏼","♂","🙋","🏻","👶","🏻","👧","🏼","💜","🥂","🥂","💜","🖤","😬","🖤","🤷","🏻","♀","💙","💚","❤"]}
{"_id":{"$oid":"5a83308a5d26ee30b8e52a5a"},"screen_name":"porlagoma","emojis":["🙏","🏽","😍"]}
{"_id":{"$oid":"5a83308a5d26ee30b8e52a5b"},"screen_name":"ingridcoronado","emojis":["🙌","🏼","🙌","🏼","❤","❤","❤","❤","❤","🙌","🏼","🙌","🏼","🙌","🏼","❤","❤","❤","😄","☘","👗","🙌","🏼","❤","🎁","😊","🙌","🏼","🙌","🏼","🍔","👌","🏼","❤","☀","✨","✨","✨","✨","✨","💛","😂","❄","😭","❄","😭","❄","😭","😓","😳","😂","😱","❄","💙","💙","💙","❤","😍","❤","😍","❤","🙏","🏻","🚨","🚨","😄","❤","❤","👏","🏻","🍴","😄","😍","👯","♀","😍","❄","⛄","😄","😍","😂","😍","❤","🏡","😄","❤","💕","❤","🤧","😱","❤","😄","❤","😄","❤","😍","😍","😛","😍","🎈","😄","😄","👏","🏻","😍","🥂","🍾","😍","😄","🤤","🍗","😄","🤗","😄","😊","😱","😱","😱","❤","❤","❤","🤗","😄","❤","❤","❤","😛","🤗","😛","😛","😍","😍","😍","😢","❤","🤗","😄","❤","❤","💕","😘","😄","😄","🎅","🏻","🤶","🏻","🎄","🚨","🚨"]}
{"_id":{"$oid":"5a83308a5d26ee30b8e52a5c"},"screen_name":"Chenoaoficial","emojis":["💋","💋","💋","💋","💋","😚","💻","🕺","💋","💋","💋","💋","💋","💋","💋","💋","💋","🕺","👏","👏","👏","👏","👏","👏","👏","👏","👏","👏","👏","💻","♥","♥","♥","♥","💋","♥","💃","♥","♥","♥","👏","👏","👏","👏","👏","💃","💃","🕺","🕺","🕺","🙆","♀","🙆","♀","🙆","♀","🙆","♀","😊","😲","♥","♥","🌷","♥","💋","💃","💃","♥","💃","♥","♥","♥","💃","😁","💃","💃","♥","👏","👏","👏","👏","👏","👏","👏","💋","👠","😍","♥","🌷","💋","👏","👏","👏","♥","💻","💃","♥","☝","🤣","🤣","🤣","🤣","🤣","🤣","😓","☕","🤦","♀","💋","💋","💋","🌷","🙆","♀","💃","💃","💃","🌷","💋","💋","💋","💋","💋","💋","👠","💋","🌷","💋","🎈","☕","💃","👏","👏","👏","👏","👏","👏","👏","👏","👱","♀","🤣","🤣","🤣","💃","🕺","💻","💋","🌷","💖","😂","😂","😂","😂","😂","😘","💃","🌷","💋","👏","👏","👏","👏","👏","👏","👏","💋","🌷","😊","🤔","🤣","🤣","🤣","🤣","🤣","☝","🤔","💃","💃","💃","💃","💃","💃","💃","💃","☝","😎","🤗","💃","🎈","🤣","🤣","🤣","🤣"]}
{"_id":{"$oid":"5a83308a5d26ee30b8e52a5d"},"screen_name":"PatoBullrich","emojis":[]}
{"_id":{"$oid":"5a83308a5d26ee30b8e52a5e"},"screen_name":"shakira","emojis":["🎶","🎶","🎧","🏆","🌎","✈","👉","✈","👉"]}
{"_id":{"$oid":"5a83308a5d26ee30b8e52a5f"},"screen_name":"belindapop","emojis":["❤","🔥","❤","🎉","🎉","🎉","😘","😘","😘","💕","😂","😂","🎼","🎧","😂","😂","😂","❤","❤","😂","😂","😂","💕","😜","😘","❤","😘","😘","😘","🎉","🎉","🎉","👸","🏼","🏆","🏎","😘","😘","😘","🐭","😂","😂","😂","❤","❤","❤","🎂","😘","😘","😘","🎉","❤","🎉","🎉","🎉","🐭","❤","🔺","❤","🎉","🙏","❤","🎉","🎉","🎉","🎉","🎄","🎉","🎁","❤","❤","✈","🎄","😘","🎉","🎉","🎉","🎉","😱","😱","😱","😤","😒","🎉","🎉","🎉","🎉","🎉","🎉","❤","🎉","🎉","🎉","❤","💄"]}
{"_id":{"$oid":"5a83308a5d26ee30b8e52a60"},"screen_name":"julietav","emojis":["✌","✌","✌","🐶","😘","😘","😘","🐶","🐶","❤","❤","✌","😜","😜","😜","🎼","🎼","❤","❤","❤","💔","💔","💔","💔","😳","😳","😳","😔","😩","😩","😩","✌","✌","😂","😘","😘","❤","❤","🤔","🤔","❤","🤓","🤓","👏","🏼","👏","🏼","👏","🏼","‼","‼","⚠","⚠","❤","🎼","❤","🎼","❤","😘","😩","😩","😜","😜","😘","🏄","🏽","♂","✌","✌","👀","❤","😳","😳","👀","👀","🏄","🏽","♂","🏊","🏽","♀","😳","🎼","🎼","❤","❤","😳","❤","❤","❤","❤","❤","❤","❤","❤","😋","😋","😋"]}
{"_id":{"$oid":"5a83308a5d26ee30b8e52a61"},"screen_name":"lulopilato","emojis":["🔥","👌","🎬","🎥","🎬","🎥","🎬","🎥","❤","🎬","🎥","🎬","❤","🔜","🔜","🔜","🎞","🎥","🎬","😉","❤","❤","❤","❤","👟","🏋","♀","🤸","♀","⛹","♀","🍕","🍕","🍕","🍕","😡","😡","👌","💆","❤","⭐","⭐","⭐","🙄","🙄","🙄","🌭","🌭","🌭","🌭","👗","👡","👜","👙","🎬","❤","❤","😡","😡","😡","😡"]}
{"_id":{"$oid":"5a83308a5d26ee30b8e52a62"},"screen_name":"PaulaBertol","emojis":["👉","🏼","🎉","👉","🌎","👏","👉","👉","🤗","😉","👉","👠","👡","👏","💪","👉","👉","🚗","☀","🕶","👉","🏅","🔨","👏","👏","🎤","🎼","👉","✈","👉","❤","❤","❤","🚌","🚂","🚇","👉","💪","🏻","🍭","👉","📚","👉","📻","👉","💪","🏻","👇","🤣","🤣","🤣","🤣","🤣","🤣","😋","👏","👏","👇","📈"]}
{"_id":{"$oid":"5a83308a5d26ee30b8e52a63"},"screen_name":"Stolbizer","emojis":["👉","👉","🏻","👉","👇","👉"]}
{"_id":{"$oid":"5a83308a5d26ee30b8e52a64"},"screen_name":"thalia","emojis":["💃","🏼","🎉","🌶","💃","🏼","🌶","🎉","🎶","🙈","💃","🏼","🎶","💖","😍","🤗","🎉","👅","😀","😂","😂","😂","😂","😂","😂","😂","😂","😅","😅","😂","😂","😂","❤","😂","😅","😘","💃","🏼","🎉","😂","😂","😂","😂","😂","😅","😅","😅","😂","😅","😘","👅","😀","👏","🏻","😘","😂","😂","😂","😂","😂","😂","😂","😆","😆","😅","😅","😂","😂","👏","😂","😅","😘","👅","😀","😘","😅","😅","😅","😂","😂","😂","😂","😂","😅","😘","💃","🏼","👅","🎇","😘","🎉","📺","💃","🏼","😂","😂","😂","😂","😂","😂","😂","😅","😅","😅","😅","😂","😅","😘","😘","👗","⭐","🎄","🎁","🙌","🏻","❤","😱","😜","😍","😂","😂","😂","😂","😂","🎅","😅","😅","😅","💃","🏼","💃","🏼","💃","🏼","⭐","🎉","💃","🏼","💃","🏼","⭐","💃","🏼","😂","😂","😂","😂","😅","😅","😅","😂","😅","😘","💃","🏼","⭐","👅","😉","💃","🏼","😂","😂","😂","😂","😂","😂","🙌","😅","😅","🙌","😂","😅","😘","❤","😍","💋","😘","💋","👶","🏻","😍","👏","🏼","😂","💃","🏼","❤","😂","😂","😂","😂","😂","😀","😀","😂","😂","😅","😅","😅","😂","😂","😂","😅","😘","👅","💃","🏼","👅","😂","😂","😂","😂","😎","🤔","😂","🤣","😅","😜","😉","😂","😅","😅","😅","😂","😂","😂","❣","😂","😅","😘","👅","😀","💫","✨","😂","😂","😂","😅","😅","😅","😂","😂","😂","😂","😂","😂","😅","😘"]}
