{"_id":{"$oid":"5a81e8290aadc00f06eeeddc"},"json_imagen":{"description":{"captions":[{"text":"a woman sitting at a table","confidence":0.846125114798892}],"tags":["person","woman","table","indoor","sitting","food","girl","front","holding","young","lady","restaurant","man","eating","pizza","standing","laptop","plate","phone","computer","people","sandwich","room"]},"tags":[{"confidence":0.9938275218009949,"name":"person"}],"color":{"accentColor":"AF3F1C","dominantColorForeground":"Grey","dominantColorBackground":"Black","dominantColors":["Grey","Black"],"isBwImg":false},"requestId":"23abf0b1-dfa7-42ee-a4ee-316a74ba831a","faces":[{"gender":"Female","age":10,"faceRectangle":{"width":91,"top":4,"height":91,"left":191}}],"categories":[{"score":0.0078125,"name":"others_"},{"score":0.00390625,"name":"outdoor_","detail":{"landmarks":[]}}],"metadata":{"width":400,"format":"Jpeg","height":400}},"screen_name":"CamilaPeraltaIg"}
{"_id":{"$oid":"5a81e84b0aadc00f06eeeddd"},"json_imagen":{"description":{"captions":[{"text":"a close up of a logo","confidence":0.829290233658029}],"tags":[]},"tags":[],"color":{"accentColor":"51697A","dominantColorForeground":"Grey","dominantColorBackground":"White","dominantColors":["White","Grey"],"isBwImg":false},"requestId":"76413d46-0300-4062-924f-31aad4bf99e1","faces":[],"categories":[{"score":0.12890625,"name":"abstract_shape"},{"score":0.0078125,"name":"others_"},{"score":0.00390625,"name":"outdoor_","detail":{"landmarks":[]}}],"metadata":{"width":500,"format":"Png","height":500}},"screen_name":"margarivera13"}
{"_id":{"$oid":"5a81e86c0aadc00f06eeedde"},"json_imagen":{"description":{"captions":[{"text":"a person sitting on a rock next to water","confidence":0.8036917941288512}],"tags":["outdoor","rock","water","mountain","nature","rocky","man","surfing","ocean","beach","standing","top","small","sitting","board","bird","black","bear","wave","large","laying","river","young","woman","riding"]},"tags":[{"confidence":0.9981504082679749,"name":"outdoor"},{"confidence":0.9959685802459717,"name":"rock"},{"confidence":0.9923214316368103,"name":"water"},{"confidence":0.9910586476325989,"name":"sky"},{"confidence":0.9338003993034363,"name":"mountain"},{"confidence":0.9227129817008972,"name":"nature"},{"confidence":0.8140033483505249,"name":"rocky"}],"color":{"accentColor":"566475","dominantColorForeground":"Grey","dominantColorBackground":"Grey","dominantColors":["Grey","White","Black"],"isBwImg":false},"requestId":"8d2fca24-bd76-479f-b9cc-ea6e65d7eeca","faces":[],"categories":[{"score":0.00390625,"name":"outdoor_","detail":{"landmarks":[]}},{"score":0.44140625,"name":"outdoor_oceanbeach","detail":{"landmarks":[]}},{"score":0.21875,"name":"outdoor_stonerock","detail":{"landmarks":[]}}],"metadata":{"width":400,"format":"Jpeg","height":267}},"screen_name":"jimenarodp"}
{"_id":{"$oid":"5a81e88f0aadc00f06eeeddf"},"json_imagen":{"description":{"captions":[{"text":"a woman posing for the camera","confidence":0.9717798437164126}],"tags":["woman","indoor","person","posing","beautiful","smiling","black","girl","dress","holding","young","camera","photo","lady","white","standing","hair","wearing","table","female","dressed","dark","shirt","wedding","cutting","room","blue","pink"]},"tags":[{"confidence":0.9882358908653259,"name":"woman"},{"confidence":0.9853063821792603,"name":"wall"},{"confidence":0.9662644863128662,"name":"indoor"},{"confidence":0.96051424741745,"name":"person"},{"confidence":0.8391523957252502,"name":"posing"},{"confidence":0.7531118988990784,"name":"beautiful"},{"confidence":0.6870934963226318,"name":"smiling"},{"confidence":0.6572225093841553,"name":"black"},{"confidence":0.6101247072219849,"name":"pretty"}],"color":{"accentColor":"A56A26","dominantColorForeground":"Brown","dominantColorBackground":"Black","dominantColors":["Black","Brown"],"isBwImg":false},"requestId":"9a01c93b-5fed-48d9-9467-53d780c0a6e1","faces":[{"gender":"Female","age":23,"faceRectangle":{"width":206,"top":64,"height":206,"left":51}}],"categories":[{"score":0.37890625,"name":"people_young","detail":{"celebrities":[]}}],"metadata":{"width":400,"format":"Jpeg","height":400}},"screen_name":"jimediaz88"}
{"_id":{"$oid":"5a81e8b20aadc00f06eeede0"},"json_imagen":{"description":{"captions":[{"text":"a close up of a white wall","confidence":0.3889316893355909}],"tags":["table","sitting","black","white"]},"tags":[],"color":{"accentColor":"A77F24","dominantColorForeground":"Black","dominantColorBackground":"Black","dominantColors":["Black"],"isBwImg":false},"requestId":"709efe8a-53cd-4fd1-9330-85642747302c","faces":[],"categories":[{"score":0.484375,"name":"abstract_shape"},{"score":0.203125,"name":"others_"}],"metadata":{"width":512,"format":"Jpeg","height":512}},"screen_name":"SusanaGimenez"}
{"_id":{"$oid":"5a81e8d30aadc00f06eeede1"},"json_imagen":{"description":{"captions":[{"text":"a woman holding a tennis racket","confidence":0.4567351495478824}],"tags":["person","outdoor","woman","clothing","tennis","holding","dress","racket","court","standing","walking","female","player","playing","top","girl","pink","young","street","ball","water","crowd","game","white"]},"tags":[{"confidence":0.9981169700622559,"name":"person"},{"confidence":0.9602797031402588,"name":"outdoor"},{"confidence":0.9364426136016846,"name":"woman"},{"confidence":0.45561483502388,"name":"dress"}],"color":{"accentColor":"C20970","dominantColorForeground":"Pink","dominantColorBackground":"White","dominantColors":["Pink","Grey","White"],"isBwImg":false},"requestId":"811dbd8a-ff5f-4194-8e1e-6675eb84b779","faces":[{"gender":"Male","age":59,"faceRectangle":{"width":50,"top":40,"height":50,"left":158}}],"categories":[{"score":0.99609375,"name":"people_","detail":{"celebrities":[]}}],"metadata":{"width":339,"format":"Jpeg","height":339}},"screen_name":"sabatinigabyok"}
{"_id":{"$oid":"5a81e8f50aadc00f06eeede2"},"json_imagen":{"description":{"captions":[{"text":"a close up of a logo","confidence":0.829290233658029}],"tags":[]},"tags":[],"color":{"accentColor":"51697A","dominantColorForeground":"Grey","dominantColorBackground":"White","dominantColors":["White","Grey"],"isBwImg":false},"requestId":"39cb0972-5056-49ac-a496-d0a8870689c0","faces":[],"categories":[{"score":0.12890625,"name":"abstract_shape"},{"score":0.0078125,"name":"others_"},{"score":0.00390625,"name":"outdoor_","detail":{"landmarks":[]}}],"metadata":{"width":500,"format":"Png","height":500}},"screen_name":"JessicaTajes"}
{"_id":{"$oid":"5a81e9180aadc00f06eeede3"},"json_imagen":{"description":{"captions":[{"text":"a person standing on a beach","confidence":0.8203947311763747}],"tags":["person","outdoor","water","woman","standing","black","holding","white","beach","man","wearing","carrying","walking","young","suit","phone","street","board","river","umbrella","ocean","people"]},"tags":[{"confidence":0.9997026324272156,"name":"person"},{"confidence":0.9962992072105408,"name":"outdoor"}],"color":{"accentColor":"515556","dominantColorForeground":"Black","dominantColorBackground":"Grey","dominantColors":["Grey","Black"],"isBwImg":true},"requestId":"7e4f41aa-7bd2-4209-92f6-4e22314d32a2","faces":[],"categories":[{"score":0.00390625,"name":"others_"},{"score":0.55859375,"name":"people_"}],"metadata":{"width":1023,"format":"Jpeg","height":1023}},"screen_name":"orisabatini"}
{"_id":{"$oid":"5a81e9390aadc00f06eeede4"},"json_imagen":{"description":{"captions":[{"text":"a person standing in front of a body of water","confidence":0.912141856329568}],"tags":["person","outdoor","water","beach","man","woman","standing","holding","smiling","front","ocean","frisbee","looking","posing","sunglasses","food","wearing","shirt","umbrella","phone","body","young","white","boat","blue","board","people"]},"tags":[{"confidence":0.9997751116752625,"name":"sky"},{"confidence":0.9996528625488281,"name":"person"},{"confidence":0.9991568326950073,"name":"outdoor"},{"confidence":0.9827044606208801,"name":"water"},{"confidence":0.8844102025032043,"name":"beach"},{"confidence":0.2891579270362854,"name":"shore"}],"color":{"accentColor":"1A7DB1","dominantColorForeground":"White","dominantColorBackground":"White","dominantColors":["White"],"isBwImg":false},"requestId":"8c0a282e-ef0c-4faf-979e-304502e10e6d","faces":[{"gender":"Female","age":38,"faceRectangle":{"width":135,"top":165,"height":135,"left":227}}],"categories":[{"score":0.53515625,"name":"people_","detail":{"celebrities":[]}}],"metadata":{"width":461,"format":"Jpeg","height":461}},"screen_name":"pattysabinera"}
{"_id":{"$oid":"5a81e95c0aadc00f06eeede5"},"json_imagen":{"description":{"captions":[{"text":"a close up of a logo","confidence":0.829290233658029}],"tags":[]},"tags":[],"color":{"accentColor":"51697A","dominantColorForeground":"Grey","dominantColorBackground":"White","dominantColors":["White","Grey"],"isBwImg":false},"requestId":"04227984-b056-4be9-b13c-33a8bcea3b22","faces":[],"categories":[{"score":0.12890625,"name":"abstract_shape"},{"score":0.0078125,"name":"others_"},{"score":0.00390625,"name":"outdoor_","detail":{"landmarks":[]}}],"metadata":{"width":500,"format":"Png","height":500}},"screen_name":"PatinoMargara"}
{"_id":{"$oid":"5a81e97e0aadc00f06eeede6"},"json_imagen":{"description":{"captions":[{"text":"a woman in a green shirt","confidence":0.8518057611776184}],"tags":["person","green","girl","young","woman","holding","standing","smiling","wearing","shirt","posing","hair","phone","little","white","blue","man"]},"tags":[{"confidence":0.992715060710907,"name":"person"},{"confidence":0.861551821231842,"name":"green"}],"color":{"accentColor":"153C70","dominantColorForeground":"White","dominantColorBackground":"White","dominantColors":["White","Grey","Black"],"isBwImg":false},"requestId":"f66cc69f-b0b2-4ba6-8ca8-e96edb7a0cc5","faces":[],"categories":[{"score":0.96484375,"name":"people_"}],"metadata":{"width":400,"format":"Jpeg","height":400}},"screen_name":"LuRibero22"}
{"_id":{"$oid":"5a81e9a00aadc00f06eeede7"},"json_imagen":{"description":{"captions":[{"text":"a woman in a red shirt","confidence":0.8775662918353282}],"tags":["person","indoor","clothing","woman","window","table","red","yellow","looking","young","holding","sitting","wearing","shirt","food","laptop","restaurant","standing","pizza","phone","computer","girl","people","large","sandwich","man","hot","room","white","kitchen"]},"tags":[{"confidence":0.9996658563613892,"name":"person"},{"confidence":0.9645447134971619,"name":"indoor"}],"color":{"accentColor":"C00B12","dominantColorForeground":"Orange","dominantColorBackground":"Red","dominantColors":["Red","Orange","Black"],"isBwImg":false},"requestId":"957f5069-011e-492a-8b9f-6627d83c222e","faces":[{"gender":"Female","age":26,"faceRectangle":{"width":157,"top":11,"height":157,"left":110}}],"categories":[{"score":0.96484375,"name":"people_","detail":{"celebrities":[]}}],"metadata":{"width":400,"format":"Jpeg","height":400}},"screen_name":"flor_vigna"}
{"_id":{"$oid":"5a81e9c20aadc00f06eeede8"},"json_imagen":{"description":{"captions":[{"text":"a woman wearing a costume posing for the camera","confidence":0.957051118545115}],"tags":["person","clothing","woman","posing","wearing","smiling","holding","yellow","standing","sitting","young","girl","hat","large","board","phone","blue"]},"tags":[{"confidence":0.9861335158348083,"name":"person"},{"confidence":0.9549771547317505,"name":"clothing"},{"confidence":0.6282317042350769,"name":"posing"}],"color":{"accentColor":"344663","dominantColorForeground":"White","dominantColorBackground":"White","dominantColors":["White"],"isBwImg":false},"requestId":"8f2f1a9e-f6a7-4274-891c-171ae9799ebc","faces":[{"gender":"Female","age":23,"faceRectangle":{"width":107,"top":53,"height":107,"left":172}}],"categories":[{"score":0.98828125,"name":"people_","detail":{"celebrities":[]}}],"metadata":{"width":400,"format":"Jpeg","height":400}},"screen_name":"MegoRomina"}
{"_id":{"$oid":"5a81e9e30aadc00f06eeede9"},"json_imagen":{"description":{"captions":[{"text":"a woman smiling for the camera","confidence":0.9548611460664819}],"tags":["person","woman","outdoor","holding","smiling","lady","sitting","posing","girl","wearing","table","water","young","red","pink","boat","standing","white"]},"tags":[{"confidence":0.9982845187187195,"name":"person"},{"confidence":0.9703640341758728,"name":"woman"},{"confidence":0.9449256658554077,"name":"outdoor"},{"confidence":0.7485031485557556,"name":"smiling"},{"confidence":0.35079053044319153,"name":"posing"}],"color":{"accentColor":"AB202B","dominantColorForeground":"Brown","dominantColorBackground":"Brown","dominantColors":["Brown","Grey","Black"],"isBwImg":false},"requestId":"a4d4ae40-2f82-43aa-b7c5-336822136ee1","faces":[{"gender":"Female","age":28,"faceRectangle":{"width":75,"top":20,"height":75,"left":73}}],"categories":[{"score":0.86328125,"name":"people_","detail":{"celebrities":[]}}],"metadata":{"width":246,"format":"Jpeg","height":246}},"screen_name":"serranacasella"}
{"_id":{"$oid":"5a81ea050aadc00f06eeedea"},"json_imagen":{"description":{"captions":[{"text":"a man standing in front of a fence","confidence":0.7923648537843427}],"tags":["outdoor","grass","fence","man","cloudy","standing","water","front","looking","sitting","bench","clouds","bridge","field","young","park","train","top","engine","woman","green","track","riding","holding","steam","flying","river"]},"tags":[{"confidence":0.9974289536476135,"name":"sky"},{"confidence":0.9915955662727356,"name":"outdoor"},{"confidence":0.9879887104034424,"name":"grass"},{"confidence":0.7987297177314758,"name":"nature"},{"confidence":0.47458416223526,"name":"cloudy"},{"confidence":0.4396817982196808,"name":"spring"},{"confidence":0.2597586214542389,"name":"clouds"},{"confidence":0.10781606286764145,"name":"day"}],"color":{"accentColor":"5D4D42","dominantColorForeground":"Grey","dominantColorBackground":"Black","dominantColors":["Black","Grey","White"],"isBwImg":false},"requestId":"27cda853-be4e-494a-a099-6e8a95697862","faces":[],"categories":[{"score":0.00390625,"name":"others_"},{"score":0.01171875,"name":"outdoor_","detail":{"landmarks":[]}}],"metadata":{"width":256,"format":"Jpeg","height":256}},"screen_name":"Kmy203"}
{"_id":{"$oid":"5a81ea260aadc00f06eeedeb"},"json_imagen":{"description":{"captions":[{"text":"Pilar Rahola smiling for the camera","confidence":0.7051920918488094}],"tags":["woman","smiling","wearing","man","food","white","standing"]},"tags":[{"confidence":0.5002966523170471,"name":"mammal","hint":"animal"}],"color":{"accentColor":"BF6A0C","dominantColorForeground":"Black","dominantColorBackground":"Pink","dominantColors":["Blue","Pink"],"isBwImg":false},"requestId":"f4dc1106-8103-49ba-8492-44f87e44d84f","faces":[{"gender":"Female","age":33,"faceRectangle":{"width":72,"top":65,"height":72,"left":71}}],"categories":[{"score":0.609375,"name":"people_","detail":{"celebrities":[{"confidence":0.9947690367698669,"faceRectangle":{"width":72,"top":65,"height":72,"left":71},"name":"Pilar Rahola"}]}}],"metadata":{"width":256,"format":"Jpeg","height":256}},"screen_name":"RaholaOficial"}
{"_id":{"$oid":"5a81ea480aadc00f06eeedec"},"json_imagen":{"description":{"captions":[{"text":"a person taking a selfie in a dark room","confidence":0.4617762814429993}],"tags":["indoor","man","photo","black","television","holding","looking","monitor","face","dark","young","woman","laying","white","screen","wearing","sitting","remote","video","room","game","large","bed","cat","playing","standing"]},"tags":[{"confidence":0.900911808013916,"name":"indoor"},{"confidence":0.3093755841255188,"name":"dark"}],"color":{"accentColor":"666666","dominantColorForeground":"Black","dominantColorBackground":"Black","dominantColors":["Black","Grey","White"],"isBwImg":true},"requestId":"a69181ce-e493-4f73-ad65-e677c7fd33fb","faces":[],"categories":[{"score":0.015625,"name":"others_"},{"score":0.6328125,"name":"people_baby"}],"metadata":{"width":639,"format":"Jpeg","height":639}},"screen_name":"cynthilouu"}
{"_id":{"$oid":"5a81ea690aadc00f06eeeded"},"json_imagen":{"description":{"captions":[{"text":"a close up of a person","confidence":0.9096759136073373}],"tags":["person","clothing","outdoor","looking","holding","woman","hair","wearing","white","close","young","sitting","red","standing","black","shirt","blue","man","water"]},"tags":[{"confidence":0.9933090209960938,"name":"person"},{"confidence":0.742990255355835,"name":"hairpiece"},{"confidence":0.2746506333351135,"name":"close"}],"color":{"accentColor":"8D563E","dominantColorForeground":"Brown","dominantColorBackground":"Black","dominantColors":["Black","Brown"],"isBwImg":false},"requestId":"968d0f2f-bfa3-45a1-955b-282a2fc77095","faces":[{"gender":"Female","age":38,"faceRectangle":{"width":219,"top":114,"height":219,"left":189}}],"categories":[{"score":0.99609375,"name":"people_portrait","detail":{"celebrities":[]}}],"metadata":{"width":469,"format":"Jpeg","height":469}},"screen_name":"juli_zylberberg"}
{"_id":{"$oid":"5a81ea8a0aadc00f06eeedee"},"json_imagen":{"description":{"captions":[{"text":"a man and woman swimming in the water","confidence":0.6511363875596876}],"tags":["water","outdoor","person","woman","man","ocean","swimming","people","young","standing","playing","large","dog","boat","riding","board","beach","blue","surfing","frisbee","yellow","white"]},"tags":[{"confidence":0.9997797608375549,"name":"water"},{"confidence":0.9761288166046143,"name":"outdoor"},{"confidence":0.9236509203910828,"name":"person"},{"confidence":0.6643297076225281,"name":"sport"},{"confidence":0.3482348322868347,"name":"swimming","hint":"sport"}],"color":{"accentColor":"084075","dominantColorForeground":"Blue","dominantColorBackground":"White","dominantColors":["Blue","White"],"isBwImg":false},"requestId":"13d004d2-b597-417f-b52a-30037e73a2f1","faces":[{"gender":"Male","age":36,"faceRectangle":{"width":68,"top":143,"height":68,"left":140}}],"categories":[{"score":0.01953125,"name":"outdoor_","detail":{"landmarks":[]}}],"metadata":{"width":500,"format":"Jpeg","height":500}},"screen_name":"flavia_pennetta"}
{"_id":{"$oid":"5a81eaac0aadc00f06eeedef"},"json_imagen":{"description":{"captions":[{"text":"a woman wearing sunglasses posing for the camera","confidence":0.9870350688547281}],"tags":["outdoor","person","sunglasses","woman","glasses","wearing","sun","lady","holding","grass","posing","smiling","food","girl","standing","park","close","young","shirt","sandwich","eating","red","donut","large","table","white","wine","hot","blue","field","hotdog"]},"tags":[{"confidence":0.9999494552612305,"name":"outdoor"},{"confidence":0.9999405145645142,"name":"tree"},{"confidence":0.9994858503341675,"name":"person"},{"confidence":0.975913941860199,"name":"sunglasses"},{"confidence":0.9656945466995239,"name":"woman"},{"confidence":0.9089924693107605,"name":"glasses"},{"confidence":0.7954029440879822,"name":"wearing"},{"confidence":0.7468292117118835,"name":"sun"},{"confidence":0.7007758021354675,"name":"lady"},{"confidence":0.4578874409198761,"name":"posing"},{"confidence":0.36799222230911255,"name":"pretty"},{"confidence":0.3642604649066925,"name":"beautiful"},{"confidence":0.2128440886735916,"name":"close"},{"confidence":0.14866825938224792,"name":"spectacles"}],"color":{"accentColor":"9C932F","dominantColorForeground":"Brown","dominantColorBackground":"Brown","dominantColors":["Brown"],"isBwImg":false},"requestId":"ba740416-c6de-48f8-98a4-783c564f9771","faces":[{"gender":"Male","age":56,"faceRectangle":{"width":266,"top":94,"height":266,"left":60}}],"categories":[{"score":0.9921875,"name":"people_portrait","detail":{"celebrities":[]}}],"metadata":{"width":512,"format":"Jpeg","height":512}},"screen_name":"alejandra_balbi"}
{"_id":{"$oid":"5a81eacd0aadc00f06eeedf0"},"json_imagen":{"description":{"captions":[{"text":"a person posing for a photo","confidence":0.8681328828961407}],"tags":["person","woman","indoor","photo","posing","young","man","holding","hair","wearing","girl","shirt","standing","lady","black","female","white"]},"tags":[{"confidence":0.973360538482666,"name":"person"},{"confidence":0.9207410216331482,"name":"woman"},{"confidence":0.6908787488937378,"name":"posing"},{"confidence":0.4455554485321045,"name":"hair"},{"confidence":0.28904449939727783,"name":"female"}],"color":{"accentColor":"9A313D","dominantColorForeground":"White","dominantColorBackground":"Grey","dominantColors":["Grey","White"],"isBwImg":false},"requestId":"d6c3e8e1-ed8a-4917-a42a-bf9d05a2d362","faces":[{"gender":"Female","age":32,"faceRectangle":{"width":171,"top":46,"height":171,"left":115}}],"categories":[{"score":0.00390625,"name":"others_"}],"metadata":{"width":400,"format":"Jpeg","height":400}},"screen_name":"RosaLopez"}
{"_id":{"$oid":"5a81eaee0aadc00f06eeedf1"},"json_imagen":{"description":{"captions":[{"text":"a group of people posing for the camera","confidence":0.9606859931987092}],"tags":["person","woman","posing","people","photo","group","sitting","holding","standing","young","bench","female","girl","top","court","dress","room","table","park","cake","player","living","white","playing","umbrella","wii","man","beach"]},"tags":[{"confidence":0.9995459914207458,"name":"person"},{"confidence":0.9891084432601929,"name":"floor"},{"confidence":0.9403525590896606,"name":"woman"},{"confidence":0.775139331817627,"name":"posing"},{"confidence":0.7160124182701111,"name":"people"},{"confidence":0.2827894985675812,"name":"female"}],"color":{"accentColor":"456986","dominantColorForeground":"Black","dominantColorBackground":"Black","dominantColors":["Black"],"isBwImg":false},"requestId":"dd336c4f-5077-4e63-a368-b82430913f03","faces":[{"gender":"Female","age":24,"faceRectangle":{"width":34,"top":24,"height":34,"left":140}},{"gender":"Female","age":19,"faceRectangle":{"width":32,"top":16,"height":32,"left":313}}],"categories":[{"score":0.375,"name":"people_","detail":{"celebrities":[]}},{"score":0.60546875,"name":"people_group","detail":{"celebrities":[]}}],"metadata":{"width":399,"format":"Jpeg","height":400}},"screen_name":"Fio_Correa"}
{"_id":{"$oid":"5a81eb110aadc00f06eeedf2"},"json_imagen":{"description":{"captions":[{"text":"a person standing in front of a mirror posing for the camera","confidence":0.8102020153635994}],"tags":["person","standing","holding","woman","front","looking","wearing","young","hair","man","phone","green","mirror","suit","door"]},"tags":[{"confidence":0.9974666833877563,"name":"person"},{"confidence":0.7961937189102173,"name":"standing"}],"color":{"accentColor":"1B614B","dominantColorForeground":"White","dominantColorBackground":"Black","dominantColors":["Black","Brown","Grey"],"isBwImg":false},"requestId":"c7df89eb-95b3-4024-ad0c-c4079d04af32","faces":[{"gender":"Female","age":28,"faceRectangle":{"width":159,"top":189,"height":159,"left":321}},{"gender":"Female","age":27,"faceRectangle":{"width":37,"top":158,"height":37,"left":744}}],"categories":[{"score":0.125,"name":"others_"}],"metadata":{"width":1024,"format":"Jpeg","height":1024}},"screen_name":"Joshefernadez"}
{"_id":{"$oid":"5a81eb330aadc00f06eeedf3"},"json_imagen":{"description":{"captions":[{"text":"a person posing for a picture","confidence":0.9488135192332539}],"tags":["person","indoor","woman","table","cake","holding","standing","posing","man","food","plate","couple","front","white","sitting","girl","birthday","young","people","large","hot","group"]},"tags":[{"confidence":0.9885890483856201,"name":"person"},{"confidence":0.8980138897895813,"name":"indoor"},{"confidence":0.35562655329704285,"name":"posing"}],"color":{"accentColor":"7D4E61","dominantColorForeground":"White","dominantColorBackground":"White","dominantColors":["White"],"isBwImg":false},"requestId":"cbf3ae88-1e3e-40bc-92d1-dabf84eae544","faces":[{"gender":"Female","age":28,"faceRectangle":{"width":80,"top":73,"height":80,"left":169}}],"categories":[{"score":0.82421875,"name":"people_","detail":{"celebrities":[]}}],"metadata":{"width":400,"format":"Jpeg","height":400}},"screen_name":"lourdesanchezok"}
{"_id":{"$oid":"5a81eb550aadc00f06eeedf4"},"json_imagen":{"description":{"captions":[{"text":"a close up of a woman","confidence":0.9462397985445291}],"tags":["person","indoor","woman","photo","looking","young","hair","posing","standing","black","wearing","white","camera","close","dress","smiling","man","shirt","holding","wedding"]},"tags":[{"confidence":0.8970621824264526,"name":"person"},{"confidence":0.49037179350852966,"name":"hair"},{"confidence":0.4707394540309906,"name":"posing"},{"confidence":0.35271385312080383,"name":"close"}],"color":{"accentColor":"666666","dominantColorForeground":"Grey","dominantColorBackground":"Grey","dominantColors":["Grey","White","Black"],"isBwImg":true},"requestId":"285009fd-f575-4274-a5dd-0a5b1a17d0a1","faces":[{"gender":"Female","age":28,"faceRectangle":{"width":795,"top":138,"height":795,"left":77}}],"categories":[{"score":0.8671875,"name":"people_young","detail":{"celebrities":[]}}],"metadata":{"width":1024,"format":"Jpeg","height":1024}},"screen_name":"Candevetranok"}
{"_id":{"$oid":"5a81eb790aadc00f06eeedf5"},"json_imagen":{"description":{"captions":[{"text":"a close up of a toy","confidence":0.28412477864510877}],"tags":["toy"]},"tags":[{"confidence":0.6340658068656921,"name":"toy"}],"color":{"accentColor":"C5BA06","dominantColorForeground":"White","dominantColorBackground":"Black","dominantColors":["Black"],"isBwImg":false},"requestId":"2e34679c-fb16-4879-8230-2cf1922b16ee","faces":[{"gender":"Female","age":26,"faceRectangle":{"width":79,"top":85,"height":79,"left":186}}],"categories":[{"score":0.49609375,"name":"people_","detail":{"celebrities":[]}},{"score":0.28125,"name":"people_group","detail":{"celebrities":[]}}],"metadata":{"width":512,"format":"Jpeg","height":512}},"screen_name":"DianaAmarilla"}
{"_id":{"$oid":"5a81eb9c0aadc00f06eeedf6"},"json_imagen":{"description":{"captions":[{"text":"a woman smiling for the camera","confidence":0.9743808643393637}],"tags":["person","indoor","woman","cabinet","smiling","front","kitchen","table","young","girl","posing","food","holding","standing","yellow","white","large","shirt","man","pizza"]},"tags":[{"confidence":0.9937606453895569,"name":"person"},{"confidence":0.9632357358932495,"name":"indoor"},{"confidence":0.3772013187408447,"name":"posing"}],"color":{"accentColor":"4A6106","dominantColorForeground":"Yellow","dominantColorBackground":"Brown","dominantColors":["Yellow","Brown"],"isBwImg":false},"requestId":"e8072e43-36ab-4662-92c9-222f84a1431b","faces":[{"gender":"Female","age":36,"faceRectangle":{"width":447,"top":245,"height":447,"left":510}}],"categories":[{"score":0.59375,"name":"people_portrait","detail":{"celebrities":[]}}],"metadata":{"width":1024,"format":"Jpeg","height":1024}},"screen_name":"iconoalfano"}
{"_id":{"$oid":"5a81ebbd0aadc00f06eeedf7"},"json_imagen":{"description":{"captions":[{"text":"Luciana Aymar taking a selfie","confidence":0.8866027685977151}],"tags":["person","clothing","woman","young","shirt","sitting","standing","white","girl","phone","hat","wearing","holding","man","street","room"]},"tags":[{"confidence":0.9764114022254944,"name":"person"}],"color":{"accentColor":"4F5B59","dominantColorForeground":"White","dominantColorBackground":"Grey","dominantColors":["Grey","White"],"isBwImg":false},"requestId":"adc84f5e-d3da-491a-9c4f-901ca1c685c4","faces":[{"gender":"Female","age":34,"faceRectangle":{"width":140,"top":11,"height":140,"left":114}}],"categories":[{"score":0.765625,"name":"people_","detail":{"celebrities":[{"confidence":0.9734535217285156,"faceRectangle":{"width":140,"top":11,"height":140,"left":114},"name":"Luciana Aymar"}]}}],"metadata":{"width":400,"format":"Jpeg","height":400}},"screen_name":"aymarlucha"}
{"_id":{"$oid":"5a81ebdf0aadc00f06eeedf8"},"json_imagen":{"description":{"captions":[{"text":"a close up of a woman wearing a hat","confidence":0.9504413886654134}],"tags":["headdress","hat","person","clothing","woman","wearing","close","looking","head","girl","white","hair","holding","young","black","umbrella","glasses","standing","pizza","red","people","phone","blue","baseball"]},"tags":[{"confidence":0.9967689514160156,"name":"headdress"},{"confidence":0.9932990074157715,"name":"hat"},{"confidence":0.9908756017684937,"name":"person"},{"confidence":0.9593935608863831,"name":"clothing"},{"confidence":0.46199169754981995,"name":"close"}],"color":{"accentColor":"795652","dominantColorForeground":"Pink","dominantColorBackground":"Pink","dominantColors":[],"isBwImg":false},"requestId":"1316d0f3-c2b2-41f2-b588-34187340a2a0","faces":[{"gender":"Female","age":20,"faceRectangle":{"width":216,"top":64,"height":216,"left":29}}],"categories":[{"score":0.98046875,"name":"people_tattoo","detail":{"celebrities":[]}}],"metadata":{"width":400,"format":"Jpeg","height":400}},"screen_name":"barvelez"}
{"_id":{"$oid":"5a81ec010aadc00f06eeedf9"},"json_imagen":{"description":{"captions":[{"text":"a close up of a woman with red hair looking at the camera","confidence":0.8805468053640224}],"tags":["person","woman","hair","lady","girl","looking","red","young","wearing","close","glasses","face","holding","food","eating","smiling","white","eyes","black","shirt","female","bite","mouth","head","phone","restaurant"]},"tags":[{"confidence":0.9976919889450073,"name":"person"},{"confidence":0.9929795861244202,"name":"woman"},{"confidence":0.8864397406578064,"name":"hair"},{"confidence":0.6462506651878357,"name":"lady"},{"confidence":0.32764261960983276,"name":"close"},{"confidence":0.3028133511543274,"name":"beautiful"}],"color":{"accentColor":"B55816","dominantColorForeground":"White","dominantColorBackground":"Black","dominantColors":["White"],"isBwImg":false},"requestId":"fd6eb43d-5e0c-4dbe-a12c-ddf1851449ab","faces":[{"gender":"Female","age":29,"faceRectangle":{"width":439,"top":174,"height":439,"left":114}}],"categories":[{"score":0.00390625,"name":"others_"},{"score":0.50390625,"name":"people_portrait","detail":{"celebrities":[]}}],"metadata":{"width":1023,"format":"Jpeg","height":1023}},"screen_name":"grisici"}
{"_id":{"$oid":"5a81ec230aadc00f06eeedfa"},"json_imagen":{"description":{"captions":[{"text":"a woman smiling for the camera","confidence":0.9851946118604608}],"tags":["person","clothing","woman","girl","smiling","young","holding","standing","front","posing","table","wearing","glasses","white","dress","cake","birthday","plate"]},"tags":[{"confidence":0.9968589544296265,"name":"person"},{"confidence":0.39712512493133545,"name":"hairpiece"}],"color":{"accentColor":"913A67","dominantColorForeground":"Brown","dominantColorBackground":"Black","dominantColors":["Black","Brown"],"isBwImg":false},"requestId":"00fe94dc-2b32-4871-a78f-72e7cabede80","faces":[{"gender":"Female","age":56,"faceRectangle":{"width":143,"top":116,"height":143,"left":197}},{"gender":"Female","age":22,"faceRectangle":{"width":99,"top":160,"height":99,"left":69}}],"categories":[{"score":0.39453125,"name":"people_group","detail":{"celebrities":[]}}],"metadata":{"width":400,"format":"Jpeg","height":400}},"screen_name":"VickyYemini"}
{"_id":{"$oid":"5a81ec440aadc00f06eeedfb"},"json_imagen":{"description":{"captions":[{"text":"Lali Espósito wearing a red and black hair","confidence":0.8662299516139695}],"tags":["person","woman","indoor","red","clothing","dress","wearing","hair","beautiful","holding","standing","phone","lady","posing","looking","front","young","girl","cellphone","white","mirror","brushing","sitting","teeth","suit","shirt","orange","black","talking","dressed","man","using","female","glasses","wedding","mouth","room","head","yellow"]},"tags":[{"confidence":0.9956732392311096,"name":"person"},{"confidence":0.9722800850868225,"name":"wall"},{"confidence":0.9628317356109619,"name":"woman"},{"confidence":0.9495912194252014,"name":"indoor"},{"confidence":0.8990822434425354,"name":"red"},{"confidence":0.7864282131195068,"name":"dress"},{"confidence":0.6980531811714172,"name":"hair"},{"confidence":0.5764076709747314,"name":"beautiful"},{"confidence":0.4250789284706116,"name":"posing"}],"color":{"accentColor":"8A0101","dominantColorForeground":"Red","dominantColorBackground":"Red","dominantColors":["Red"],"isBwImg":false},"requestId":"b85f1b7c-4415-4e71-9c50-4cdb0ac7dc08","faces":[{"gender":"Female","age":27,"faceRectangle":{"width":64,"top":151,"height":64,"left":195}}],"categories":[{"score":0.95703125,"name":"people_","detail":{"celebrities":[{"confidence":0.9734848141670227,"faceRectangle":{"width":64,"top":151,"height":64,"left":195},"name":"Lali Espósito"}]}}],"metadata":{"width":433,"format":"Jpeg","height":433}},"screen_name":"laliespos"}
{"_id":{"$oid":"5a81ec650aadc00f06eeedfc"},"json_imagen":{"description":{"captions":[{"text":"a woman wearing a hat posing for the camera","confidence":0.9235899273023784}],"tags":["person","woman","posing","holding","lady","photo","wearing","standing","smiling","table","hat","front","sitting","top","man","umbrella","black","blue","white","people","phone"]},"tags":[{"confidence":0.9794259667396545,"name":"person"},{"confidence":0.9661942720413208,"name":"woman"},{"confidence":0.7526776790618896,"name":"posing"},{"confidence":0.5796223282814026,"name":"lady"}],"color":{"accentColor":"1578B6","dominantColorForeground":"White","dominantColorBackground":"Blue","dominantColors":["Blue","White"],"isBwImg":false},"requestId":"60ba041d-8cfe-47d4-9b31-456aa4cea449","faces":[{"gender":"Female","age":38,"faceRectangle":{"width":61,"top":75,"height":61,"left":42}}],"categories":[{"score":0.84375,"name":"people_","detail":{"celebrities":[]}}],"metadata":{"width":149,"format":"Jpeg","height":255}},"screen_name":"RoxanaGLB"}
{"_id":{"$oid":"5a81ec860aadc00f06eeedfd"},"json_imagen":{"description":{"captions":[{"text":"a young girl talking on a cell phone","confidence":0.44746911903704567}],"tags":["person","outdoor","girl","clothing","woman","cellphone","child","young","phone","holding","little","hair","smiling","wearing","standing","black","talking","playing","red","field","people","pink","white","man","street","group","blue","umbrella"]},"tags":[{"confidence":0.9930141568183899,"name":"person"},{"confidence":0.9742315411567688,"name":"outdoor"},{"confidence":0.8719028830528259,"name":"girl"},{"confidence":0.11265964061021805,"name":"day"}],"color":{"accentColor":"903B70","dominantColorForeground":"Black","dominantColorBackground":"White","dominantColors":["White","Black"],"isBwImg":false},"requestId":"dde942d1-147d-470a-9c86-8e26d8cda6fc","faces":[{"gender":"Female","age":32,"faceRectangle":{"width":139,"top":219,"height":139,"left":127}}],"categories":[],"metadata":{"width":512,"format":"Jpeg","height":512}},"screen_name":"vale_inthesky"}
{"_id":{"$oid":"5a81eca80aadc00f06eeedfe"},"json_imagen":{"description":{"captions":[{"text":"a woman wearing a bikini","confidence":0.9585795495866866}],"tags":["person","woman","clothing","water","beautiful","outdoor","lady","female","girl","young","white","posing","beach","wearing","dress","holding","carrying","top","hair","surfing","standing","board"]},"tags":[{"confidence":0.9999748468399048,"name":"person"},{"confidence":0.999751627445221,"name":"woman"},{"confidence":0.9752392172813416,"name":"clothing"},{"confidence":0.9036417007446289,"name":"beautiful"},{"confidence":0.8575242757797241,"name":"outdoor"},{"confidence":0.7279778122901917,"name":"swimsuit"},{"confidence":0.5780571699142456,"name":"lady"},{"confidence":0.5106505751609802,"name":"pretty"},{"confidence":0.4988982677459717,"name":"female"}],"color":{"accentColor":"886643","dominantColorForeground":"White","dominantColorBackground":"White","dominantColors":["White"],"isBwImg":false},"requestId":"6110738b-6543-43eb-9d80-71b10b7d920a","faces":[],"categories":[{"score":0.98046875,"name":"people_"}],"metadata":{"width":512,"format":"Png","height":512}},"screen_name":"jescirio"}
{"_id":{"$oid":"5a81eccb0aadc00f06eeedff"},"json_imagen":{"description":{"captions":[{"text":"a woman smiling for the camera","confidence":0.9625063817225731}],"tags":["woman","person","smiling","lady","posing","phone","cellphone","young","wearing","holding","girl","hair","standing","shirt","white","street","blue"]},"tags":[{"confidence":0.936111330986023,"name":"woman"},{"confidence":0.9234634637832642,"name":"person"},{"confidence":0.7859252095222473,"name":"smiling"},{"confidence":0.4965176582336426,"name":"hairpiece"},{"confidence":0.4403463304042816,"name":"posing"},{"confidence":0.2536110579967499,"name":"beautiful"}],"color":{"accentColor":"5E4C34","dominantColorForeground":"White","dominantColorBackground":"Grey","dominantColors":["White"],"isBwImg":false},"requestId":"583eb359-d979-4077-b1fd-a085e6a9ed78","faces":[{"gender":"Female","age":27,"faceRectangle":{"width":140,"top":81,"height":140,"left":10}}],"categories":[{"score":0.0078125,"name":"others_"},{"score":0.45703125,"name":"people_portrait","detail":{"celebrities":[]}}],"metadata":{"width":256,"format":"Jpeg","height":256}},"screen_name":"daiaGmartinez"}
{"_id":{"$oid":"5a81ecec0aadc00f06eeee00"},"json_imagen":{"description":{"captions":[{"text":"a person standing in front of a mirror posing for the camera","confidence":0.24543085335223797}],"tags":["person","indoor","man","front","standing","sitting","holding","wearing","shirt","young","table","top","mirror","yellow","woman","kitchen","teeth","brushing","food","room","playing","phone"]},"tags":[{"confidence":0.998799204826355,"name":"person"},{"confidence":0.9671603441238403,"name":"indoor"}],"color":{"accentColor":"3F2218","dominantColorForeground":"Brown","dominantColorBackground":"Brown","dominantColors":["Brown"],"isBwImg":false},"requestId":"02b904d1-7236-4d80-81e1-1b03a98917f3","faces":[],"categories":[{"score":0.00390625,"name":"abstract_"},{"score":0.19140625,"name":"others_"}],"metadata":{"width":500,"format":"Jpeg","height":500}},"screen_name":"ViaJuani"}
{"_id":{"$oid":"5a81ed0e0aadc00f06eeee01"},"json_imagen":{"description":{"captions":[{"text":"a woman wearing a bikini","confidence":0.8869837226301776}],"tags":["person","outdoor","clothing","woman","girl","sitting","water","wearing","young","white","sunglasses","holding","top","phone","table","board","beach","laying","standing"]},"tags":[{"confidence":0.9922864437103271,"name":"person"},{"confidence":0.8609244227409363,"name":"outdoor"},{"confidence":0.7692388296127319,"name":"swimsuit"}],"color":{"accentColor":"1C3E6B","dominantColorForeground":"White","dominantColorBackground":"White","dominantColors":["White"],"isBwImg":false},"requestId":"74eb7bd7-6927-4d17-9be1-eb18d438a300","faces":[{"gender":"Female","age":44,"faceRectangle":{"width":138,"top":99,"height":138,"left":519}}],"categories":[{"score":0.9765625,"name":"people_","detail":{"celebrities":[]}}],"metadata":{"width":1024,"format":"Jpeg","height":1024}},"screen_name":"lulifernandezok"}
{"_id":{"$oid":"5a81ed310aadc00f06eeee02"},"json_imagen":{"description":{"captions":[{"text":"a person standing next to a car","confidence":0.815715970589273}],"tags":["outdoor","person","car","building","man","street","holding","walking","traffic","carrying","standing","woman","yellow","city","riding","young","orange","black","wearing","parking","surfing","board","red","motorcycle","luggage","meter","phone"]},"tags":[{"confidence":0.9982670545578003,"name":"outdoor"},{"confidence":0.9892278909683228,"name":"person"},{"confidence":0.9889515042304993,"name":"car"}],"color":{"accentColor":"CA8501","dominantColorForeground":"Brown","dominantColorBackground":"Black","dominantColors":["Brown","Black"],"isBwImg":false},"requestId":"5ed1b2a5-0345-42b3-89cc-090d744b4288","faces":[{"gender":"Female","age":26,"faceRectangle":{"width":140,"top":177,"height":140,"left":462}}],"categories":[{"score":0.00390625,"name":"others_"},{"score":0.01171875,"name":"outdoor_","detail":{"landmarks":[]}},{"score":0.28515625,"name":"people_many","detail":{"celebrities":[]}}],"metadata":{"width":1023,"format":"Jpeg","height":1023}},"screen_name":"gimeaccardi"}
{"_id":{"$oid":"5a81ed530aadc00f06eeee03"},"json_imagen":{"description":{"captions":[{"text":"a woman smiling for the camera","confidence":0.9651886168803828}],"tags":["person","clothing","outdoor","woman","water","smiling","holding","wearing","young","phone","standing","white","dress","shirt","top","beach","hair","blue","ocean"]},"tags":[{"confidence":0.9989997744560242,"name":"person"},{"confidence":0.985323965549469,"name":"clothing"},{"confidence":0.9607320427894592,"name":"outdoor"},{"confidence":0.412747859954834,"name":"swimsuit"}],"color":{"accentColor":"A65A25","dominantColorForeground":"Brown","dominantColorBackground":"White","dominantColors":["White","Brown"],"isBwImg":false},"requestId":"5091e5bc-c919-45bb-a752-5686191756a2","faces":[{"gender":"Female","age":27,"faceRectangle":{"width":418,"top":131,"height":418,"left":195}}],"categories":[{"score":0.890625,"name":"people_portrait","detail":{"celebrities":[]}}],"metadata":{"width":1024,"format":"Jpeg","height":1024}},"screen_name":"laufer4"}
{"_id":{"$oid":"5a81ed740aadc00f06eeee04"},"json_imagen":{"description":{"captions":[{"text":"a woman posing for a picture","confidence":0.9614666124527046}],"tags":["person","woman","clothing","wearing","young","posing","beautiful","lady","standing","dressed","sitting","female","hair","girl","dress","holding","suit","smiling","board","white","black","surfing","hat"]},"tags":[{"confidence":0.9934938549995422,"name":"person"},{"confidence":0.9882709383964539,"name":"woman"},{"confidence":0.9854363799095154,"name":"clothing"},{"confidence":0.5619657039642334,"name":"posing"},{"confidence":0.5577539205551147,"name":"beautiful"},{"confidence":0.3024151623249054,"name":"dressed"},{"confidence":0.2929098308086395,"name":"female"}],"color":{"accentColor":"C10A15","dominantColorForeground":"Black","dominantColorBackground":"White","dominantColors":["White"],"isBwImg":false},"requestId":"d16728e0-0ea5-4b7f-8ede-6dfedff561da","faces":[{"gender":"Female","age":29,"faceRectangle":{"width":206,"top":162,"height":206,"left":460}}],"categories":[{"score":0.984375,"name":"people_","detail":{"celebrities":[]}}],"metadata":{"width":1024,"format":"Jpeg","height":1024}},"screen_name":"noeliamarzol"}
{"_id":{"$oid":"5a81ed960aadc00f06eeee05"},"json_imagen":{"description":{"captions":[{"text":"a woman standing on a stage","confidence":0.8913296316903049}],"tags":["person","stage","woman","scene","holding","girl","standing","lady","court","female","umbrella","dress","racket","young","water","pink","red","purple","posing","player","wearing","ball","swinging","game","playing","phone","blue"]},"tags":[{"confidence":0.9968309998512268,"name":"person"},{"confidence":0.9866416454315186,"name":"stage"},{"confidence":0.9827656149864197,"name":"woman"},{"confidence":0.8016999363899231,"name":"scene"},{"confidence":0.5294504761695862,"name":"lady"},{"confidence":0.386039137840271,"name":"female"}],"color":{"accentColor":"3A182B","dominantColorForeground":"Purple","dominantColorBackground":"Purple","dominantColors":["Purple"],"isBwImg":false},"requestId":"33b22638-3dd1-4c8b-af8b-5b3d1824e62c","faces":[{"gender":"Female","age":30,"faceRectangle":{"width":74,"top":92,"height":74,"left":193}}],"categories":[{"score":0.7578125,"name":"people_","detail":{"celebrities":[]}}],"metadata":{"width":506,"format":"Jpeg","height":506}},"screen_name":"cokiramirez"}
{"_id":{"$oid":"5a81edb70aadc00f06eeee06"},"json_imagen":{"description":{"captions":[{"text":"a woman wearing a hat","confidence":0.9542175383837492}],"tags":["person","indoor","clothing","woman","headdress","wearing","hat","photo","black","white","posing","holding","cake","man","girl","young","hair","birthday","table","standing","cat","kitchen","blue","teeth"]},"tags":[{"confidence":0.99748694896698,"name":"person"},{"confidence":0.9702147841453552,"name":"indoor"},{"confidence":0.9624444246292114,"name":"wall"},{"confidence":0.8392562866210938,"name":"headdress"},{"confidence":0.6950307488441467,"name":"hat"},{"confidence":0.3953074812889099,"name":"posing"}],"color":{"accentColor":"927239","dominantColorForeground":"Black","dominantColorBackground":"Black","dominantColors":["Black"],"isBwImg":false},"requestId":"4d3def55-b170-47c0-9225-b3dbd2925566","faces":[{"gender":"Female","age":29,"faceRectangle":{"width":206,"top":93,"height":206,"left":55}}],"categories":[{"score":0.01171875,"name":"others_"},{"score":0.390625,"name":"people_","detail":{"celebrities":[]}},{"score":0.33203125,"name":"people_portrait","detail":{"celebrities":[]}}],"metadata":{"width":500,"format":"Jpeg","height":500}},"screen_name":"valita_iglesias"}
{"_id":{"$oid":"5a81edd90aadc00f06eeee07"},"json_imagen":{"description":{"captions":[{"text":"a person standing in front of a mountain","confidence":0.8611876845575899}],"tags":["person","outdoor","nature","mountain","woman","water","front","holding","sitting","smiling","young","food","table","large","pizza","top","city","standing","man","eating","river","blue","phone"]},"tags":[{"confidence":0.9987142086029053,"name":"person"},{"confidence":0.9912460446357727,"name":"outdoor"},{"confidence":0.9586437344551086,"name":"nature"},{"confidence":0.8499484658241272,"name":"mountain"},{"confidence":0.21055032312870026,"name":"ravine"}],"color":{"accentColor":"0E74BD","dominantColorForeground":"White","dominantColorBackground":"Grey","dominantColors":["Grey","White"],"isBwImg":false},"requestId":"1adc60d6-c48e-48d8-b192-2799c2df3431","faces":[{"gender":"Female","age":36,"faceRectangle":{"width":85,"top":157,"height":85,"left":149}}],"categories":[{"score":0.90625,"name":"people_","detail":{"celebrities":[]}}],"metadata":{"width":400,"format":"Jpeg","height":400}},"screen_name":"romero_caro"}
{"_id":{"$oid":"5a81edfa0aadc00f06eeee08"},"json_imagen":{"description":{"captions":[{"text":"a woman standing in front of a mirror posing for the camera","confidence":0.8472819615875699}],"tags":["person","woman","indoor","girl","photo","young","looking","holding","mirror","cellphone","posing","phone","black","white","standing","hair","brushing"]},"tags":[{"confidence":0.9739294052124023,"name":"person"},{"confidence":0.9683167934417725,"name":"wall"},{"confidence":0.9467437863349915,"name":"woman"},{"confidence":0.8572362661361694,"name":"indoor"},{"confidence":0.7880536317825317,"name":"girl"}],"color":{"accentColor":"696269","dominantColorForeground":"White","dominantColorBackground":"White","dominantColors":["White","Grey"],"isBwImg":true},"requestId":"cf3b585b-e4d1-4080-8f92-f04ebe2b3924","faces":[{"gender":"Female","age":19,"faceRectangle":{"width":58,"top":100,"height":58,"left":231}}],"categories":[{"score":0.76171875,"name":"abstract_nonphoto"},{"score":0.00390625,"name":"others_"}],"metadata":{"width":500,"format":"Jpeg","height":389}},"screen_name":"chubonelli"}
{"_id":{"$oid":"5a81ee1c0aadc00f06eeee09"},"json_imagen":{"description":{"captions":[{"text":"a woman looking at the camera","confidence":0.9196743936310554}],"tags":["person","clothing","woman","looking","sitting","shirt","holding","glasses","phone","wearing","large","white","laptop","young","table","standing","blue","red","room"]},"tags":[{"confidence":0.9876137971878052,"name":"person"}],"color":{"accentColor":"3B7F90","dominantColorForeground":"White","dominantColorBackground":"White","dominantColors":["White","Grey"],"isBwImg":false},"requestId":"4a505f34-c04b-4f57-bf48-4286e180892c","faces":[{"gender":"Female","age":27,"faceRectangle":{"width":180,"top":90,"height":180,"left":89}}],"categories":[{"score":0.4375,"name":"people_","detail":{"celebrities":[]}},{"score":0.43359375,"name":"people_portrait","detail":{"celebrities":[]}}],"metadata":{"width":400,"format":"Jpeg","height":400}},"screen_name":"paulitachaves"}
{"_id":{"$oid":"5a81ee3e0aadc00f06eeee0a"},"json_imagen":{"description":{"captions":[{"text":"a woman wearing a purple dress","confidence":0.9524273516726207}],"tags":["person","indoor","woman","clothing","purple","girl","hair","wearing","dress","lady","young","looking","standing","holding","dressed","red","posing","cat","room","glasses","female","black","bed","phone","head","remote","shirt","suit","man","laying","video","blue","white","living","pink","umbrella"]},"tags":[{"confidence":0.9973848462104797,"name":"person"},{"confidence":0.9646733999252319,"name":"indoor"},{"confidence":0.9604799151420593,"name":"woman"},{"confidence":0.925552487373352,"name":"clothing"},{"confidence":0.8626880645751953,"name":"purple"},{"confidence":0.6143442392349243,"name":"hair"},{"confidence":0.6127752661705017,"name":"hairpiece"},{"confidence":0.5451927185058594,"name":"lady"},{"confidence":0.26867300271987915,"name":"dressed"}],"color":{"accentColor":"2C0E23","dominantColorForeground":"White","dominantColorBackground":"Black","dominantColors":["Black","Purple"],"isBwImg":false},"requestId":"876b1936-36bb-4f2c-85ee-c152eb100c77","faces":[],"categories":[{"score":0.00390625,"name":"others_"},{"score":0.63671875,"name":"people_"}],"metadata":{"width":400,"format":"Jpeg","height":400}},"screen_name":"Moria_Casan"}
{"_id":{"$oid":"5a81ee5f0aadc00f06eeee0b"},"json_imagen":{"description":{"captions":[{"text":"Catherine Fulop smiling for the camera","confidence":0.9750353594467001}],"tags":["person","outdoor","grass","woman","holding","white","tennis","shirt","smiling","young","standing","girl","player","wearing","playing","bench","table","yellow","phone","game","blue","street","court"]},"tags":[{"confidence":0.9999445676803589,"name":"person"},{"confidence":0.9989035129547119,"name":"outdoor"}],"color":{"accentColor":"4B5D2A","dominantColorForeground":"White","dominantColorBackground":"Green","dominantColors":["White","Green","Brown"],"isBwImg":false},"requestId":"446f3fcc-ad15-40a2-bb91-0bea1ebdc867","faces":[{"gender":"Female","age":23,"faceRectangle":{"width":137,"top":90,"height":137,"left":160}}],"categories":[{"score":0.83203125,"name":"people_","detail":{"celebrities":[{"confidence":0.9941469430923462,"faceRectangle":{"width":137,"top":90,"height":137,"left":160},"name":"Catherine Fulop"}]}}],"metadata":{"width":400,"format":"Jpeg","height":400}},"screen_name":"catherine_fulop"}
{"_id":{"$oid":"5a81ee810aadc00f06eeee0c"},"json_imagen":{"description":{"captions":[{"text":"a woman posing for a picture","confidence":0.9652271550254307}],"tags":["person","clothing","woman","sitting","posing","dress","young","top","wearing","white","red","smiling","holding","female","bed","girl","standing","sign","court","playing"]},"tags":[{"confidence":0.9865372180938721,"name":"person"},{"confidence":0.9787082076072693,"name":"clothing"},{"confidence":0.9784368872642517,"name":"woman"},{"confidence":0.46877726912498474,"name":"posing"}],"color":{"accentColor":"BA1114","dominantColorForeground":"White","dominantColorBackground":"White","dominantColors":["White"],"isBwImg":false},"requestId":"624e24c1-ab34-4f43-a239-36aa3ce21b68","faces":[{"gender":"Female","age":39,"faceRectangle":{"width":58,"top":80,"height":58,"left":98}}],"categories":[{"score":0.984375,"name":"people_","detail":{"celebrities":[]}}],"metadata":{"width":319,"format":"Jpeg","height":319}},"screen_name":"PamelaDav"}
{"_id":{"$oid":"5a81eea20aadc00f06eeee0d"},"json_imagen":{"description":{"captions":[{"text":"a woman posing for a picture","confidence":0.9140734617469646}],"tags":["person","woman","indoor","young","girl","posing","holding","front","standing","black","hair","glasses","smiling","wearing"]},"tags":[{"confidence":0.9929410219192505,"name":"person"},{"confidence":0.9791554808616638,"name":"wall"},{"confidence":0.9647466540336609,"name":"woman"},{"confidence":0.9391658902168274,"name":"indoor"},{"confidence":0.47406432032585144,"name":"posing"}],"color":{"accentColor":"292720","dominantColorForeground":"Black","dominantColorBackground":"Black","dominantColors":["Black"],"isBwImg":false},"requestId":"ab3ade55-446d-4285-8de2-3253f5ef955e","faces":[{"gender":"Female","age":23,"faceRectangle":{"width":103,"top":185,"height":103,"left":180}}],"categories":[{"score":0.76171875,"name":"people_","detail":{"celebrities":[]}}],"metadata":{"width":400,"format":"Jpeg","height":400}},"screen_name":"chinasuarez"}
{"_id":{"$oid":"5a81eec30aadc00f06eeee0e"},"json_imagen":{"description":{"captions":[{"text":"a close up of a woman with red hair","confidence":0.9382008939702786}],"tags":["clothing","person","woman","hairpiece","red","wearing","hair","posing","smiling","white","sitting","girl","close","standing","young","holding","phone","shirt","pink","large","blue","bear"]},"tags":[{"confidence":0.983628511428833,"name":"clothing"},{"confidence":0.966128945350647,"name":"person"},{"confidence":0.9483222365379333,"name":"woman"},{"confidence":0.8897029757499695,"name":"hairpiece"},{"confidence":0.7693376541137695,"name":"red"},{"confidence":0.4192340672016144,"name":"hair"},{"confidence":0.40647515654563904,"name":"posing"},{"confidence":0.24336430430412292,"name":"close"}],"color":{"accentColor":"BE0D17","dominantColorForeground":"Brown","dominantColorBackground":"Brown","dominantColors":["Brown"],"isBwImg":false},"requestId":"ba4b23f6-9cd1-4634-887a-1190dfc47a45","faces":[{"gender":"Female","age":39,"faceRectangle":{"width":206,"top":115,"height":206,"left":118}}],"categories":[{"score":0.75390625,"name":"people_portrait","detail":{"celebrities":[]}}],"metadata":{"width":434,"format":"Jpeg","height":434}},"screen_name":"lizytagliani"}
{"_id":{"$oid":"5a81eee50aadc00f06eeee0f"},"json_imagen":{"description":{"captions":[{"text":"a close up of a woman","confidence":0.8754811543860338}],"tags":["person","woman","hair","girl","looking","sitting","young","white","close","red","wearing","little","pair","table","head","blue","phone","standing","man"]},"tags":[{"confidence":0.9404082298278809,"name":"person"},{"confidence":0.7472389340400696,"name":"hair"},{"confidence":0.24490317702293396,"name":"close"}],"color":{"accentColor":"855F46","dominantColorForeground":"White","dominantColorBackground":"White","dominantColors":["White"],"isBwImg":false},"requestId":"97f89d7d-ebc2-4090-a2cd-3c7316a91678","faces":[],"categories":[],"metadata":{"width":768,"format":"Jpeg","height":768}},"screen_name":"belufrancese"}
{"_id":{"$oid":"5a81ef070aadc00f06eeee10"},"json_imagen":{"description":{"captions":[{"text":"a woman in a blue shirt","confidence":0.8402546824140465}],"tags":["person","woman","sitting","holding","girl","young","top","hair","white","wearing","laptop","female","table","shirt","computer","blue","standing","room","laying","playing"]},"tags":[{"confidence":0.9993767142295837,"name":"person"},{"confidence":0.9865031242370605,"name":"woman"}],"color":{"accentColor":"15495D","dominantColorForeground":"Brown","dominantColorBackground":"Grey","dominantColors":["Grey"],"isBwImg":false},"requestId":"f1bbf3b1-a9e4-4302-85cf-c5c6122d0f83","faces":[{"gender":"Female","age":30,"faceRectangle":{"width":100,"top":114,"height":100,"left":226}}],"categories":[{"score":0.00390625,"name":"others_"},{"score":0.53125,"name":"people_portrait","detail":{"celebrities":[]}}],"metadata":{"width":400,"format":"Jpeg","height":400}},"screen_name":"ailen_bechara"}
{"_id":{"$oid":"5a81ef2b0aadc00f06eeee11"},"json_imagen":{"description":{"captions":[{"text":"a woman looking at the camera","confidence":0.9358086568884911}],"tags":["person","woman","indoor","looking","holding","young","standing","girl","glasses","shirt","hair","people","food","room","black","apple","wine","mirror","living","man","white","hat","game","umbrella"]},"tags":[{"confidence":0.9824423789978027,"name":"person"},{"confidence":0.9595770239830017,"name":"woman"},{"confidence":0.9551975727081299,"name":"wall"},{"confidence":0.9136500954627991,"name":"indoor"},{"confidence":0.20377862453460693,"name":"staring"}],"color":{"accentColor":"646863","dominantColorForeground":"Black","dominantColorBackground":"Black","dominantColors":["Black","Grey"],"isBwImg":true},"requestId":"2b1e5cdf-22a5-4fe2-b97b-3680377bbb30","faces":[{"gender":"Female","age":75,"faceRectangle":{"width":94,"top":103,"height":94,"left":175}}],"categories":[{"score":0.79296875,"name":"people_portrait","detail":{"celebrities":[]}}],"metadata":{"width":320,"format":"Jpeg","height":240}},"screen_name":"juli2007"}
{"_id":{"$oid":"5a81ef4d0aadc00f06eeee12"},"json_imagen":{"description":{"captions":[{"text":"a woman brushing her teeth","confidence":0.47205429209373434}],"tags":["person","woman","girl","beautiful","hair","sitting","pink","phone","lady","shirt","young","cellphone","holding","female","face","using","wearing","white","teeth","talking","brushing","standing","blue","red","food","purple"]},"tags":[{"confidence":0.9980884194374084,"name":"person"},{"confidence":0.9767797589302063,"name":"woman"},{"confidence":0.4964281916618347,"name":"beautiful"},{"confidence":0.34381964802742004,"name":"pretty"}],"color":{"accentColor":"B21935","dominantColorForeground":"Brown","dominantColorBackground":"Pink","dominantColors":["Pink","Red","Brown"],"isBwImg":false},"requestId":"6de09dae-c5b8-4ae6-bce6-38d433bfe301","faces":[{"gender":"Female","age":27,"faceRectangle":{"width":183,"top":121,"height":183,"left":207}}],"categories":[{"score":0.3203125,"name":"people_","detail":{"celebrities":[]}},{"score":0.5234375,"name":"people_portrait","detail":{"celebrities":[]}}],"metadata":{"width":557,"format":"Jpeg","height":452}},"screen_name":"cinthifernandez"}
{"_id":{"$oid":"5a81ef6e0aadc00f06eeee13"},"json_imagen":{"description":{"captions":[{"text":"a woman wearing a hat","confidence":0.7603718791058585}],"tags":["person","outdoor","building","woman","holding","young","girl","wearing","hat","lady","white","standing","dress","front","red","hair","little","head","shirt","man"]},"tags":[{"confidence":0.9936575293540955,"name":"person"},{"confidence":0.8843903541564941,"name":"outdoor"}],"color":{"accentColor":"84475C","dominantColorForeground":"Grey","dominantColorBackground":"Grey","dominantColors":["Grey"],"isBwImg":false},"requestId":"f39e4d05-b9ff-4c2d-bf44-1ab86aa2a201","faces":[{"gender":"Female","age":16,"faceRectangle":{"width":322,"top":235,"height":322,"left":74}}],"categories":[{"score":0.66015625,"name":"people_","detail":{"celebrities":[]}}],"metadata":{"width":1024,"format":"Jpeg","height":1024}},"screen_name":"connieansaldi"}
{"_id":{"$oid":"5a81ef900aadc00f06eeee14"},"json_imagen":{"description":{"captions":[{"text":"a person standing in the grass","confidence":0.9004946396150048}],"tags":["outdoor","grass","yellow","standing","young","holding","woman","boy","black","walking","little","field","girl","wearing","man","tall","hydrant","riding"]},"tags":[{"confidence":0.999467670917511,"name":"outdoor"},{"confidence":0.9984650611877441,"name":"grass"},{"confidence":0.9900751709938049,"name":"tree"},{"confidence":0.9675793051719666,"name":"yellow"}],"color":{"accentColor":"BB8F10","dominantColorForeground":"Black","dominantColorBackground":"Brown","dominantColors":["Brown"],"isBwImg":false},"requestId":"a95ed204-1ea3-4c6a-8983-8c21ff5954f3","faces":[{"gender":"Female","age":23,"faceRectangle":{"width":37,"top":115,"height":37,"left":197}}],"categories":[{"score":0.00390625,"name":"others_"},{"score":0.3515625,"name":"people_","detail":{"celebrities":[]}}],"metadata":{"width":400,"format":"Jpeg","height":400}},"screen_name":"JuanaRepetto"}
{"_id":{"$oid":"5a81efb20aadc00f06eeee15"},"json_imagen":{"description":{"captions":[{"text":"Silvina Luna in a car","confidence":0.8409407907088742}],"tags":["outdoor","person","woman","car","girl","bus","young","train","yellow","walking","sitting","standing","surfing","holding","white","riding","board","phone","street","city","luggage"]},"tags":[{"confidence":0.9937043786048889,"name":"outdoor"},{"confidence":0.9895492792129517,"name":"sky"},{"confidence":0.9890031218528748,"name":"person"},{"confidence":0.9685913920402527,"name":"woman"}],"color":{"accentColor":"BA7107","dominantColorForeground":"Brown","dominantColorBackground":"White","dominantColors":["White","Brown"],"isBwImg":false},"requestId":"302369e5-e8e7-4129-bc26-518b1ee3ca76","faces":[{"gender":"Female","age":24,"faceRectangle":{"width":60,"top":146,"height":60,"left":185}}],"categories":[{"score":0.9921875,"name":"people_","detail":{"celebrities":[{"confidence":0.9603533744812012,"faceRectangle":{"width":60,"top":146,"height":60,"left":185},"name":"Silvina Luna"}]}}],"metadata":{"width":400,"format":"Jpeg","height":400}},"screen_name":"SilvinaLunaWeb"}
{"_id":{"$oid":"5a81efd30aadc00f06eeee16"},"json_imagen":{"description":{"captions":[{"text":"Susana Giménez sitting at a table posing for the camera","confidence":0.9747935607343796}],"tags":["person","table","sitting","indoor","woman","girl","food","smiling","front","red","plate","holding","posing","restaurant","young","man","little","cake","birthday","dress","large","pizza","eating","people","standing"]},"tags":[{"confidence":0.9891706109046936,"name":"person"},{"confidence":0.98240065574646,"name":"table"},{"confidence":0.9692755937576294,"name":"sitting"},{"confidence":0.935607373714447,"name":"indoor"},{"confidence":0.35592547059059143,"name":"posing"}],"color":{"accentColor":"AE1E25","dominantColorForeground":"Brown","dominantColorBackground":"Red","dominantColors":["Brown","Red"],"isBwImg":false},"requestId":"e9edd217-9417-4fac-a7f1-dd20cc59521e","faces":[{"gender":"Female","age":46,"faceRectangle":{"width":86,"top":87,"height":86,"left":203}}],"categories":[{"score":0.8046875,"name":"text_mag"}],"metadata":{"width":400,"format":"Jpeg","height":400}},"screen_name":"Su_Gimenez"}
{"_id":{"$oid":"5a81eff60aadc00f06eeee17"},"json_imagen":{"description":{"captions":[{"text":"a body of water next to the ocean","confidence":0.9541431296251466}],"tags":["outdoor","water","ocean","beach","surfing","sun","top","pier","clouds","man","shore","wave","body","standing","airplane","flying","board","air","walking","plane","large","sunset","hill","bird","boat","riding","skiing","group","jet"]},"tags":[{"confidence":0.9995971322059631,"name":"sky"},{"confidence":0.9983476400375366,"name":"outdoor"},{"confidence":0.9903578162193298,"name":"water"},{"confidence":0.8557211756706238,"name":"ocean"},{"confidence":0.6661030054092407,"name":"nature"},{"confidence":0.42683395743370056,"name":"shore"},{"confidence":0.2810751795768738,"name":"clouds"},{"confidence":0.2350478619337082,"name":"wave"},{"confidence":0.1394987404346466,"name":"day"},{"confidence":0.10682262480258942,"name":"distance"}],"color":{"accentColor":"284A6C","dominantColorForeground":"Grey","dominantColorBackground":"Black","dominantColors":["Black","Grey"],"isBwImg":false},"requestId":"059a21f1-8242-40f5-a308-2273f1a6abb9","faces":[],"categories":[{"score":0.00390625,"name":"outdoor_","detail":{"landmarks":[]}},{"score":0.32421875,"name":"outdoor_stonerock","detail":{"landmarks":[]}}],"metadata":{"width":1024,"format":"Jpeg","height":1024}},"screen_name":"paobianco"}
{"_id":{"$oid":"5a81f0180aadc00f06eeee18"},"json_imagen":{"description":{"captions":[{"text":"Mirtha Legrand wearing a white shirt","confidence":0.8575887512868327}],"tags":["person","clothing","woman","wedding","table","white","cake","wearing","dress","standing","sitting","top","holding","girl","cutting","red","young","phone","pink","shirt","blue"]},"tags":[{"confidence":0.9875085949897766,"name":"person"},{"confidence":0.9362939596176147,"name":"clothing"}],"color":{"accentColor":"BA7C11","dominantColorForeground":"White","dominantColorBackground":"White","dominantColors":["White"],"isBwImg":false},"requestId":"7155aab1-d005-42e6-8b81-2ae29771f742","faces":[{"gender":"Female","age":43,"faceRectangle":{"width":163,"top":90,"height":163,"left":182}}],"categories":[{"score":0.828125,"name":"people_","detail":{"celebrities":[{"confidence":0.9927761554718018,"faceRectangle":{"width":163,"top":90,"height":163,"left":182},"name":"Mirtha Legrand"}]}}],"metadata":{"width":512,"format":"Jpeg","height":512}},"screen_name":"mirthalegrand"}
{"_id":{"$oid":"5a81f03a0aadc00f06eeee19"},"json_imagen":{"description":{"captions":[{"text":"a person standing next to a body of water","confidence":0.8115026825461672}],"tags":["water","outdoor","person","holding","man","beach","young","hand","board","ocean","body","woman","ball","riding","orange","standing","white","surfing","walking","wearing","playing","wave","air"]},"tags":[{"confidence":0.9991912245750427,"name":"water"},{"confidence":0.9833837747573853,"name":"outdoor"},{"confidence":0.9611104130744934,"name":"person"}],"color":{"accentColor":"9F5A2C","dominantColorForeground":"White","dominantColorBackground":"Grey","dominantColors":["Grey"],"isBwImg":false},"requestId":"0e9c436d-fe4d-4d3e-9475-a111d757585f","faces":[],"categories":[{"score":0.78515625,"name":"animal_bird"},{"score":0.0078125,"name":"outdoor_","detail":{"landmarks":[]}}],"metadata":{"width":1024,"format":"Jpeg","height":1024}},"screen_name":"magdalenabravi"}
{"_id":{"$oid":"5a81f05b0aadc00f06eeee1a"},"json_imagen":{"description":{"captions":[{"text":"a woman smiling for the camera","confidence":0.9104705223275124}],"tags":["person","indoor","clothing","woman","sitting","table","front","smiling","young","holding","shirt","laptop","food","black","white","wearing","computer","room","standing","phone","bed","blue"]},"tags":[{"confidence":0.9971489310264587,"name":"person"},{"confidence":0.9851431250572205,"name":"wall"},{"confidence":0.9603832960128784,"name":"indoor"},{"confidence":0.9389724731445312,"name":"clothing"}],"color":{"accentColor":"4B8073","dominantColorForeground":"Brown","dominantColorBackground":"Brown","dominantColors":["Brown","Black"],"isBwImg":false},"requestId":"b6840557-5116-4b93-90e1-be321cc4acb0","faces":[{"gender":"Female","age":27,"faceRectangle":{"width":180,"top":42,"height":180,"left":62}}],"categories":[{"score":0.35546875,"name":"people_portrait","detail":{"celebrities":[]}},{"score":0.4765625,"name":"people_young","detail":{"celebrities":[]}}],"metadata":{"width":399,"format":"Jpeg","height":400}},"screen_name":"veleznazarena"}
{"_id":{"$oid":"5a81f07d0aadc00f06eeee1b"},"json_imagen":{"description":{"captions":[{"text":"a person wearing a blue shirt","confidence":0.9439882201705634}],"tags":["person","outdoor","blue","smiling","holding","shirt","man","wearing","cellphone","phone","woman","young","standing","sweater","using","hand","hair","large","white"]},"tags":[{"confidence":0.996977686882019,"name":"person"},{"confidence":0.9759531021118164,"name":"outdoor"},{"confidence":0.7024155855178833,"name":"blue"}],"color":{"accentColor":"072F74","dominantColorForeground":"Brown","dominantColorBackground":"Blue","dominantColors":["Blue"],"isBwImg":false},"requestId":"a6019837-db62-478a-b600-10eace0242aa","faces":[{"gender":"Female","age":31,"faceRectangle":{"width":168,"top":123,"height":168,"left":172}}],"categories":[{"score":0.88671875,"name":"people_","detail":{"celebrities":[]}}],"metadata":{"width":512,"format":"Jpeg","height":512}},"screen_name":"mariuvidal"}
{"_id":{"$oid":"5a81f09e0aadc00f06eeee1c"},"json_imagen":{"description":{"captions":[{"text":"a close up of Lucero","confidence":0.9618651894760766}],"tags":["person","woman","clothing","smiling","hair","holding","posing","lady","phone","sitting","young","shirt","wearing","standing","cellphone","close","top","white","green","girl","table","blue"]},"tags":[{"confidence":0.9921825528144836,"name":"person"},{"confidence":0.6791394948959351,"name":"smiling"},{"confidence":0.5143110156059265,"name":"hair"},{"confidence":0.443043053150177,"name":"posing"},{"confidence":0.3545770049095154,"name":"hairpiece"},{"confidence":0.2675532102584839,"name":"pretty"},{"confidence":0.24909354746341705,"name":"close"}],"color":{"accentColor":"A75B24","dominantColorForeground":"Brown","dominantColorBackground":"Brown","dominantColors":["Brown"],"isBwImg":false},"requestId":"3bbcefc1-38f4-492f-81e7-f06c5a9aa127","faces":[{"gender":"Female","age":30,"faceRectangle":{"width":174,"top":108,"height":191,"left":225}}],"categories":[{"score":0.66796875,"name":"people_portrait","detail":{"celebrities":[{"confidence":0.9999969005584717,"faceRectangle":{"width":174,"top":108,"height":191,"left":225},"name":"Lucero"}]}}],"metadata":{"width":400,"format":"Jpeg","height":400}},"screen_name":"LuceroMexico"}
{"_id":{"$oid":"5a81f0c00aadc00f06eeee1d"},"json_imagen":{"description":{"captions":[{"text":"a group of people posing for the camera","confidence":0.9866621947646335}],"tags":["person","outdoor","standing","woman","photo","posing","people","group","man","holding","young","child","boy","glasses","wearing","table","white","umbrella"]},"tags":[{"confidence":0.9996035695075989,"name":"person"},{"confidence":0.9225280284881592,"name":"outdoor"},{"confidence":0.7937548756599426,"name":"standing"},{"confidence":0.7274014949798584,"name":"posing"},{"confidence":0.6196942925453186,"name":"people"}],"color":{"accentColor":"41628A","dominantColorForeground":"Grey","dominantColorBackground":"White","dominantColors":["White","Grey"],"isBwImg":false},"requestId":"60c578ea-22cb-4bdd-9d8a-68f305261f2c","faces":[{"gender":"Male","age":46,"faceRectangle":{"width":98,"top":161,"height":98,"left":70}},{"gender":"Male","age":44,"faceRectangle":{"width":80,"top":154,"height":80,"left":195}},{"gender":"Female","age":3,"faceRectangle":{"width":76,"top":184,"height":76,"left":278}}],"categories":[{"score":0.94140625,"name":"people_group","detail":{"celebrities":[]}}],"metadata":{"width":400,"format":"Jpeg","height":399}},"screen_name":"nataliatourn"}
{"_id":{"$oid":"5a81f0e20aadc00f06eeee1e"},"json_imagen":{"description":{"captions":[{"text":"a man standing in front of a mountain","confidence":0.7807185858312288}],"tags":["outdoor","person","nature","mountain","man","holding","standing","young","posing","board","wearing","field","boy","hill","dirt","snow","riding","woman","cloudy","red","surfing","baseball","air","flying","skiing","street"]},"tags":[{"confidence":0.9921051263809204,"name":"sky"},{"confidence":0.9885826110839844,"name":"outdoor"},{"confidence":0.9809061288833618,"name":"ground"},{"confidence":0.8891588449478149,"name":"person"},{"confidence":0.8016353249549866,"name":"nature"},{"confidence":0.7452739477157593,"name":"mountain"},{"confidence":0.08392122387886047,"name":"highland"}],"color":{"accentColor":"4C5D70","dominantColorForeground":"White","dominantColorBackground":"Grey","dominantColors":["Grey","White"],"isBwImg":false},"requestId":"aee9a2ed-fa3c-42d9-b059-2e637b250093","faces":[],"categories":[{"score":0.9140625,"name":"outdoor_mountain","detail":{"landmarks":[]}}],"metadata":{"width":200,"format":"Jpeg","height":113}},"screen_name":"mareugeniam"}
{"_id":{"$oid":"5a81f1030aadc00f06eeee1f"},"json_imagen":{"description":{"captions":[{"text":"Zaira Nara wearing a black shirt","confidence":0.8996079792740498}],"tags":["person","clothing","woman","young","black","kitchen","standing","shirt","white","table","holding","wearing","dress","room","red","phone","pizza","man","blue"]},"tags":[{"confidence":0.9717404842376709,"name":"person"}],"color":{"accentColor":"A72434","dominantColorForeground":"White","dominantColorBackground":"White","dominantColors":["White","Black"],"isBwImg":false},"requestId":"a90d0041-dbb0-4da6-858d-0e04faf6ca57","faces":[{"gender":"Female","age":27,"faceRectangle":{"width":181,"top":72,"height":181,"left":119}}],"categories":[{"score":0.75390625,"name":"people_portrait","detail":{"celebrities":[{"confidence":0.9974574446678162,"faceRectangle":{"width":181,"top":72,"height":181,"left":119},"name":"Zaira Nara"}]}}],"metadata":{"width":400,"format":"Jpeg","height":400}},"screen_name":"zairana"}
{"_id":{"$oid":"5a81f1250aadc00f06eeee20"},"json_imagen":{"description":{"captions":[{"text":"a woman smiling and posing for the camera","confidence":0.9502577793239183}],"tags":["person","woman","smiling","posing","girl","sitting","young","lady","camera","holding","standing","black","white","table","donut","top","little","glasses","wearing","room","plate"]},"tags":[{"confidence":0.9993466734886169,"name":"person"},{"confidence":0.9809790849685669,"name":"woman"},{"confidence":0.7478993535041809,"name":"smiling"},{"confidence":0.7467106580734253,"name":"posing"}],"color":{"accentColor":"87455B","dominantColorForeground":"White","dominantColorBackground":"Black","dominantColors":["Black","White"],"isBwImg":false},"requestId":"2325eb91-dfd9-42bb-9433-1f10851512ed","faces":[{"gender":"Female","age":31,"faceRectangle":{"width":331,"top":1,"height":331,"left":40}}],"categories":[{"score":0.6640625,"name":"people_","detail":{"celebrities":[]}}],"metadata":{"width":1024,"format":"Jpeg","height":1024}},"screen_name":"porlagoma"}
{"_id":{"$oid":"5a81f1470aadc00f06eeee21"},"json_imagen":{"description":{"captions":[{"text":"Ingrid Coronado posing for the camera","confidence":0.964297745313682}],"tags":["person","clothing","outdoor","man","posing","wearing","white","woman","standing","holding","sitting","young","wedding","table"]},"tags":[{"confidence":0.9995962977409363,"name":"person"},{"confidence":0.9947399497032166,"name":"clothing"},{"confidence":0.9622788429260254,"name":"outdoor"},{"confidence":0.559528112411499,"name":"posing"}],"color":{"accentColor":"A4273D","dominantColorForeground":"Brown","dominantColorBackground":"White","dominantColors":["White","Brown"],"isBwImg":false},"requestId":"83d6ac7e-1d0a-4a95-9b23-dd4d088104a8","faces":[{"gender":"Female","age":29,"faceRectangle":{"width":109,"top":60,"height":109,"left":104}}],"categories":[{"score":0.765625,"name":"people_","detail":{"celebrities":[{"confidence":0.9998738765716553,"faceRectangle":{"width":109,"top":60,"height":109,"left":104},"name":"Ingrid Coronado"}]}}],"metadata":{"width":341,"format":"Jpeg","height":341}},"screen_name":"ingridcoronado"}
{"_id":{"$oid":"5a81f1680aadc00f06eeee22"},"json_imagen":{"description":{"captions":[{"text":"a person wearing a hat and sunglasses posing for the camera","confidence":0.7091287182861074}],"tags":["wearing","person","doughnut","looking","baseball","hat","holding","donut","sitting","smiling","front","man","red","glasses","sunglasses","young","top","large","uniform","white","table","standing"]},"tags":[{"confidence":0.8692167401313782,"name":"wearing"},{"confidence":0.08491265028715134,"name":"spectacles"}],"color":{"accentColor":"219AAA","dominantColorForeground":"White","dominantColorBackground":"White","dominantColors":["White"],"isBwImg":false},"requestId":"cb5d9178-f3fa-4ac0-9ca3-64ddf1894252","faces":[{"gender":"Female","age":32,"faceRectangle":{"width":205,"top":107,"height":205,"left":93}}],"categories":[{"score":0.0078125,"name":"others_"},{"score":0.39453125,"name":"people_","detail":{"celebrities":[]}},{"score":0.43359375,"name":"people_portrait","detail":{"celebrities":[]}}],"metadata":{"width":400,"format":"Jpeg","height":400}},"screen_name":"Chenoaoficial"}
{"_id":{"$oid":"5a81f18a0aadc00f06eeee23"},"json_imagen":{"description":{"captions":[{"text":"a close up of a woman who is smiling at the camera","confidence":0.9601806484037182}],"tags":["person","indoor","smiling","woman","holding","close","white","wearing","posing","sitting","phone","large","shirt","glasses","black","young","blue","table","purple","red","room","standing"]},"tags":[{"confidence":0.9991495609283447,"name":"person"},{"confidence":0.8660503625869751,"name":"indoor"},{"confidence":0.7885660529136658,"name":"smiling"},{"confidence":0.37287619709968567,"name":"hairpiece"},{"confidence":0.33848249912261963,"name":"close"}],"color":{"accentColor":"0366C8","dominantColorForeground":"Brown","dominantColorBackground":"Blue","dominantColors":["Brown","Blue","Black"],"isBwImg":false},"requestId":"6c2f35f6-22ab-4361-a62b-082b1d3eb222","faces":[{"gender":"Female","age":52,"faceRectangle":{"width":241,"top":159,"height":241,"left":184}}],"categories":[{"score":0.68359375,"name":"people_portrait","detail":{"celebrities":[]}}],"metadata":{"width":512,"format":"Jpeg","height":512}},"screen_name":"PatoBullrich"}
{"_id":{"$oid":"5a81f1ab0aadc00f06eeee24"},"json_imagen":{"description":{"captions":[{"text":"a close up of a person lying down and looking at the camera","confidence":0.6119812571010593}],"tags":["indoor","looking","white","dog","woman","head","photo","laying","black","wearing","face","close","lying","top","young","teeth","man"]},"tags":[{"confidence":0.886313796043396,"name":"indoor"},{"confidence":0.30650612711906433,"name":"swimming","hint":"sport"},{"confidence":0.20686495304107666,"name":"close"}],"color":{"accentColor":"626964","dominantColorForeground":"Grey","dominantColorBackground":"White","dominantColors":["Grey","White"],"isBwImg":true},"requestId":"a0113480-6c24-4b23-b72f-a1f4d998accc","faces":[],"categories":[{"score":0.84375,"name":"people_baby"}],"metadata":{"width":512,"format":"Jpeg","height":512}},"screen_name":"shakira"}
{"_id":{"$oid":"5a81f1cd0aadc00f06eeee25"},"json_imagen":{"description":{"captions":[{"text":"a close up of a woman","confidence":0.9550165074152783}],"tags":["person","outdoor","woman","holding","girl","hair","looking","young","lady","beautiful","cellphone","standing","phone","white","smiling","wearing","close","shirt","sun","umbrella","red","hat","street","blue"]},"tags":[{"confidence":0.9968580007553101,"name":"person"},{"confidence":0.9727092981338501,"name":"outdoor"},{"confidence":0.9654393792152405,"name":"woman"},{"confidence":0.6380106210708618,"name":"hair"},{"confidence":0.4086986184120178,"name":"beautiful"},{"confidence":0.23947001993656158,"name":"close"},{"confidence":0.14743240177631378,"name":"day"}],"color":{"accentColor":"806E4B","dominantColorForeground":"Grey","dominantColorBackground":"Brown","dominantColors":["Brown","Grey"],"isBwImg":false},"requestId":"08c8f254-cc2c-410d-97de-4b6f341e5031","faces":[{"gender":"Female","age":23,"faceRectangle":{"width":496,"top":308,"height":496,"left":460}}],"categories":[{"score":0.7265625,"name":"people_portrait","detail":{"celebrities":[]}}],"metadata":{"width":1024,"format":"Jpeg","height":1024}},"screen_name":"belindapop"}
{"_id":{"$oid":"5a81f1ef0aadc00f06eeee26"},"json_imagen":{"description":{"captions":[{"text":"a person wearing a costume","confidence":0.7865713590751545}],"tags":["person","woman","wearing","holding","man","sitting","phone","water","suit","standing","hair","black","neck","red","white","riding"]},"tags":[{"confidence":0.9619397521018982,"name":"person"}],"color":{"accentColor":"7C4F5B","dominantColorForeground":"Black","dominantColorBackground":"Black","dominantColors":["Black","Grey"],"isBwImg":false},"requestId":"e823df8e-d5cd-4bd2-b11e-7902d02ae120","faces":[{"gender":"Female","age":34,"faceRectangle":{"width":62,"top":38,"height":62,"left":131}}],"categories":[{"score":0.546875,"name":"people_","detail":{"celebrities":[]}},{"score":0.390625,"name":"people_show","detail":{"celebrities":[]}}],"metadata":{"width":362,"format":"Jpeg","height":362}},"screen_name":"julietav"}
{"_id":{"$oid":"5a81f2110aadc00f06eeee27"},"json_imagen":{"description":{"captions":[{"text":"a person wearing a hat","confidence":0.9273431142710716}],"tags":["outdoor","person","hat","wearing","woman","man","looking","holding","sunglasses","water","head","white","shirt","standing","large","blue","umbrella","young","red","ocean"]},"tags":[{"confidence":0.9937248826026917,"name":"outdoor"},{"confidence":0.9913814663887024,"name":"person"},{"confidence":0.9540202021598816,"name":"hat"},{"confidence":0.9524612426757812,"name":"wearing"},{"confidence":0.7506777048110962,"name":"headdress"}],"color":{"accentColor":"896542","dominantColorForeground":"White","dominantColorBackground":"White","dominantColors":["White"],"isBwImg":false},"requestId":"0211b61d-1673-4509-be61-75602fd1c2ca","faces":[],"categories":[{"score":0.375,"name":"people_young"}],"metadata":{"width":639,"format":"Jpeg","height":639}},"screen_name":"lulopilato"}
{"_id":{"$oid":"5a81f2320aadc00f06eeee28"},"json_imagen":{"description":{"captions":[{"text":"a woman wearing glasses and smiling at the camera","confidence":0.7903180389908139}],"tags":["person","clothing","woman","holding","wearing","smiling","posing","sitting","shirt","young","glasses","large","stuffed","table","man","standing","hat","red","blue","people","room"]},"tags":[{"confidence":0.9912180304527283,"name":"person"}],"color":{"accentColor":"282B20","dominantColorForeground":"Brown","dominantColorBackground":"White","dominantColors":["White"],"isBwImg":false},"requestId":"e1d1ca55-7676-46ee-ae83-22ab796c3ba3","faces":[{"gender":"Female","age":32,"faceRectangle":{"width":139,"top":95,"height":139,"left":229}}],"categories":[{"score":0.71875,"name":"people_","detail":{"celebrities":[]}}],"metadata":{"width":512,"format":"Jpeg","height":512}},"screen_name":"PaulaBertol"}
{"_id":{"$oid":"5a81f2540aadc00f06eeee29"},"json_imagen":{"description":{"captions":[{"text":"a person smiling for the camera","confidence":0.9366896561727239}],"tags":["outdoor","person","grass","woman","standing","man","holding","front","sitting","wearing","street","young","park","smiling","phone","shirt","bench","large","talking","table","people","white","horse","sign","red","field"]},"tags":[{"confidence":0.9987136125564575,"name":"outdoor"},{"confidence":0.9826127290725708,"name":"person"},{"confidence":0.9579808115959167,"name":"grass"}],"color":{"accentColor":"128FB9","dominantColorForeground":"Grey","dominantColorBackground":"Grey","dominantColors":["Grey"],"isBwImg":false},"requestId":"7f4e5c70-28e4-4b8a-be2c-b443360d6fc5","faces":[{"gender":"Female","age":43,"faceRectangle":{"width":98,"top":60,"height":98,"left":85}}],"categories":[{"score":0.75,"name":"people_","detail":{"celebrities":[]}}],"metadata":{"width":267,"format":"Jpeg","height":267}},"screen_name":"Stolbizer"}
{"_id":{"$oid":"5a81f2750aadc00f06eeee2a"},"json_imagen":{"description":{"captions":[{"text":"a close up of a woman","confidence":0.9250061158767059}],"tags":["person","woman","girl","looking","lady","hair","holding","young","close","wearing","white","top","little","head","standing","red","food","phone","laying"]},"tags":[{"confidence":0.997495174407959,"name":"person"},{"confidence":0.9674636125564575,"name":"woman"},{"confidence":0.7678088545799255,"name":"girl"},{"confidence":0.3234073221683502,"name":"beautiful"},{"confidence":0.2291179597377777,"name":"close"}],"color":{"accentColor":"9F672C","dominantColorForeground":"Brown","dominantColorBackground":"Brown","dominantColors":["Brown"],"isBwImg":false},"requestId":"4ed0bbdf-6302-41cc-9bf6-7f5b7207af43","faces":[],"categories":[{"score":0.40234375,"name":"people_young"}],"metadata":{"width":640,"format":"Jpeg","height":640}},"screen_name":"thalia"}
